Kingdom,Phylum,Class,Order,Family,Genus,Species,ASV,Count,Relative_abundance,,,,,,,,,,,
Animalia,Chordata,Actinopterygii,Cypriniformes,Cyprinidae,Ptychocheilus,Ptychocheilus grandis,CACCGCGGTTAAACGAGAGGCCCTAGTTGATAGTACGACGGCGTAAAGGGTGGTTAAGGAAAGCAAACAATAAAGCCGAATGGCCCTTTGGCTGTCATACGCTTCTAGGTGTCCGAAGCCCAATATACGAAAGTAGCTTTAGAAAGGCCCACCTGACACCACGAAAGCTGAGAAA,760518,0.19944278,,,,,,,,,,,
Animalia,Chordata,Actinopterygii,Cypriniformes,Catostomidae,Catostomus,Catostomus occidentalis,CACCGCGGTTATACGAGAGGCCCTAGTTGATAGGCACGGCGTAAAGGGTGGTTAAGGGAGTACACAAATAAAGCCGAAGGACCCTCTGGCCGTTATACGCTTCTGGACGCCCGAAGCCCAAATACGAAAGTAGCTTTAATTTAGCCCACCTGACCCCACGAAAACTGAGAAA,686656,0.180072768,,,,,,,,,,,
Animalia,Chordata,Actinopterygii,Perciformes,Centrarchidae,Micropterus,Micropterus salmoides,CACCGCGGTTATACGAGAGGCCCAAGTTGACAAACCCCGGCGTAAAGAGTGGTTAAGAAAAATTTAAAACTAAAGCCGAATGCCCTCAAAGCTGTTATACGCACCCGAAGGTAAGAAGCCCAATCACGAAAGTGGCTTTACATTTCCCGAACCCACGAAAGCTATGAAA,327458,0.08587454,,,,,,,,,,,
Animalia,Chordata,Actinopterygii,Perciformes,Centrarchidae,Lepomis,Lepomis macrochirus,CACCGCGGTTATACGAGAGGCTCAAGTTGATGAACCCCGGCGTAAAGAGTGGTTAAGAGAGATCAAAACTAAAGCCGAATGCTTTCAAAGCTGTTATACGCTTCCGAAAGTAAGAAGCCCAATCACGAAAGTGGCTTTACTTTACCTGACCCCACGAAAGCTACGACA,282304,0.074033086,,,,,,,,,,,
Animalia,Chordata,Actinopterygii,Gasterosteiformes,Gasterosteidae,Gasterosteus,Gasterosteus aculeatus,CACCGCGGTTATACGAGAGGCCCAAGTTGATGAATTACGGCGTAAAGAGTGGTTAAGCTAAAATTAAAACTAAAGCCGAACACCCCCAAAGCTGTTATACGCATCCGGAGGTGAGAAGTTCAACCACGAAGGTGGCTTTATCTAACCTGAACCCACGAAAGCTACGGCA,272356,0.071424263,,,,,,,,,,,
Animalia,Chordata,Actinopterygii,Scorpaeniformes,Cottidae,Cottus,Cottus asper,CACCGCGGTTATACGAGAGACCCAAGTTGACAAACACCGGCGTAAAGCGTGGTTAAGTTAAAAATCATACTAAAGCCAAACATCTTCAAGACTGTTATACGTAACCGAAGACAGGAAGTTCAACCACGAAAGTCGCTTTATCTGATCTGAATCCACGAAAGCTAAGAAA,184804,0.048464104,,,,,,,,,,,
Animalia,Chordata,Actinopterygii,Gasterosteiformes,Gasterosteidae,Gasterosteus,Gasterosteus aculeatus,CACCGCGGTTATACGAGAGGCCCAAGTTGATGAATTACGGCGTAAAGAGTGGTTAAGCTAAAATTAAAACTAAAGCCGAACACCCCCAAAGCTGTTATACGCATCCGGAGGTGAGAAGTTCAACCACGAAGGTGGCTTTATCTAACCTGAACCCACGAAAGCTAAGGCA,173973,0.045623718,,,,,,,,,,,
Animalia,Chordata,Actinopterygii,Cypriniformes,Cyprinidae,Cyprinus,Cyprinus carpio,CACCGCGGTTAGACGAGAGGCCCTAGTTGATATTACAACGGCGTAAAGGGTGGTTAAGGATAAACAAAAATAAAGTCAAATGGCCCCTTGGCCGTCATACGCTTCTAGGAGTCCGAAGCCCTAATACGAAAGTAACTTTAATAAACCCACCTGACCCCACGAAAGCTGAGAAA,168671,0.04423329,,,,,,,,,,,
Animalia,Chordata,Actinopterygii,Perciformes,Centrarchidae,Lepomis,Lepomis microlophus,CACCGCGGTTATACGAGAGGCTCAAGTTGATAAACCCCGGCGTAAAGAGTGGTTAAGAAAGACTAGAAACTAAAGCCGAATGCTTTCAAAGCTGTTATACGCTCCCGAAAGTAAGAAGATCAATCACGAAAGTGGCTTTACAATCCCCTGACCCCACGAAAGCTATGGCA,129902,0.034066276,,,,,,,,,,,
Animalia,Chordata,Actinopterygii,Cyprinodontiformes,Poeciliidae,Gambusia,Gambusia affinis,CACCGCGGTTATACGAGAGGCCCAAGTTGATAAAATACGGCGTAAAGCGTGGTTAAAAGCCCCCACTAAACTAAGACTAAACCTTTCCAAAGCTGTTATACGCACCCGGAAATATGAAACTCAACTACGAAAGTGGCCTTAATTTCCCCTTGACCCCACGAAAGCTGCGAAA,121983,0.03198955,,,,,,,,,,,
Animalia,Chordata,Actinopterygii,Perciformes,Embiotocidae,Hysterocarpus,Hysterocarpus traskii,CACCGCGGTTATACGAGCGACCCAAGTTGAGAGACAACGGCGTAAAGGGTGGTTAAGGTACTAACAAACTAAAGCCGAAGGCCCTCAGGACTGTTATACGTTTCTGAAGGTAAGAAGTTCTTTTACGAAAGTAGCTTTAATATTCCTGACCCCACGAAAGCTGCGGAA,107433,0.028173871,,,,,,,,,,,
Animalia,Chordata,Actinopterygii,Salmoniformes,Salmonidae,Oncorhynchus,Oncorhynchus mykiss,CACCGCGGTTATACGAGAGGCCCTAGTTGATAACTACCGGCGTAAAGAGTGGTTATGGAAAAATATTTAATAAAGCCGAACACCCCCTCAGCCGTCATACGCACCTGGGAGCACGAAGACCTACTGCGAAAGCAGCTTTAACTATGCCTGACCCCACGACAGCTAAGAAA,104736,0.027466594,,,,,,,,,,,
Animalia,Chordata,Actinopterygii,Salmoniformes,Salmonidae,Oncorhynchus,Oncorhynchus tshawytscha,CACCGCGGTTATACGAGAGGCCCTAGTTGATAACTACCGGCGTAAAGAGTGGTTATGGAAAAATATTTAATAAAGCCGAACACCCCCTCAGCCGTCATACGCACCTGGGGGCACGAAGACCTACTGCGAAAGCAGCTTTAATTACACCTGACCCCACGACAGCTAAGAAA,84688,0.022209087,,,,,,,,,,,
Animalia,Chordata,Actinopterygii,Perciformes,Centrarchidae,Lepomis,Lepomis cyanellus,CACCGCGGTTATACGAGAGGCTCAAGTTGATAAACCCCGGCGTAAAGAGTGGTTAAGGAAAAATAGAAACTAAAGCCGAATGCTTTCAAGACTGTTATACGTTCCCGAGAGTAAGAAGACCAATTACGAAAGTGGCTTTACTTTACCTGACCCCACGAAAGCTACGACA,58028,0.015217609,,,,,,,,,,,
Animalia,Chordata,Actinopterygii,Salmoniformes,Salmonidae,Oncorhynchus,Oncorhynchus tshawytscha,CACCGCGGTTATACGAGAGACCCTAGTTGATAACTACCGGCGTAAAGAGTGGTTATGGAAAAATATTTAATAAAGCCGAACACCCCCTCAGCCGTCATACGCACCTGGGGGCACGAAGACCTACTGCGAAAGCAGCTTTAATTACACCTGACCCCACGACAGCTAAGAAA,52347,0.01372779,,,,,,,,,,,
Animalia,Chordata,Actinopterygii,Cypriniformes,Cyprinidae,Orthodon,Orthodon microlepidotus,CACCGCGGTTAGACGAGAGGCCCCAGTTGATAGTACAACGGCGTAAAGGGTGGTTAAGGAAAGCAAAACAATAAAGTCAAATGGCCCTTTGGCTGTCATACGCTTCTAGGTGTCCGAAGTCCAACTATACGAAAGTAGCTTTAGAAAAGCCCACCTGACACCACGAAAGCTGAGAAA,27141,0.007117618,,,,,,,,,,,
Animalia,Chordata,Actinopterygii,Perciformes,Centrarchidae,Lepomis,Lepomis macrochirus,CACCGCGGTTATACGAGAGGCTCAAGTTGATGAACCCCGGCGTAAAGAGTGGTTAAGGGAGATCAAAACTAAAGCCGAATGCTTTCAAAGCTGTTATACGCTTCCGAAAGTAAGAAGCCCAATCACGAAAGTGGCTTTACTTTACCTGACCCCACGAAAGCTACGACA,26452,0.00693693,,,,,,,,,,,
Animalia,Chordata,Actinopterygii,Scorpaeniformes,Cottidae,Cottus,Cottus asper,CACCGCGGTTATACGAGAGGCCCAAGTTGACAAACACCGGCGTAAAGCGTGGTTAAGTTAAAAATCATACTAAAGCCAAACATCTTCAAGACTGTTATACGTAACCGAAGACAGGAAGTTCAACCACGAAAGTCGCTTTATCTGATCTGAATCCACGAAAGCTAAGGAA,22275,0.005841529,,,,,,,,,,,
Animalia,Chordata,Actinopterygii,Perciformes,Centrarchidae,Micropterus,Micropterus salmoides,CACCGCGGTTATACGAGAGGCCCAAGTTGACAAACCCCGGCGTAAAGAGTGGTTAAGAAGAATTTAAGACTAAAGCCGAATGCCCTCAAAGCTGTTATACGCATCCGAAGGTAAGAAGTCCAATCACGAAAGTGGCTTTACATTTCCTGAACCCACGAAAGCTATGAAA,20453,0.005363717,,,,,,,,,,,
Animalia,Chordata,Actinopterygii,Cypriniformes,Cyprinidae,Carassius,Carassius auratus,CACCGCGGTTAGACGAGAGGCCCTAGTTGATATTACAACGGCGTAAAGGGTGGTTAAGGATAAATAAAAATAAAGTCAAATGGCCCCTTGGCCGTCATACGCTTCTAGGCGTCCGAAGCCCTAATACGAAAGTAACTTTAATGAACCCACCTGACCCCACGAAAGCTGAGGAA,19077,0.005002866,,,,,,,,,,,
Animalia,Chordata,Actinopterygii,Atheriniformes,Atherinopsidae,Menidia,Menidia audens complex,CACCGCGGTTATACGAGAGGCCCAAGTTGATGGCCAACGGCGTAAAGGGTGGTTAAGGAATAAGAAAAATAAAGTCGAACGCCCTCAGGGCCGTCATACGCTTCCGAGGGTAAGAAGCCCCACTACGAAAGTGACTTTAGACAACCTGACCCCACGAAAGCTGCGAAA,17110,0.004487029,,,,,,,,,,,
Animalia,Chordata,Actinopterygii,Cypriniformes,Cyprinidae,Ptychocheilus,Ptychocheilus grandis,CACCGCGGTTAAACGAGAGGCCCTAGTTGATAGTACGACGGCGTAAAGGGTGGTTAAGGAAAGCAAACAATAAAGCCGAATGGCCCTTTGGCTGTCATACGCTTCTAGGTGTCCGAAGCCCAATATACGAAAGTAGCTTTAGAAAAGCCCACCTGACACCACGAAAGCTGAGAAA,15537,0.004074516,,,,,,,,,,,
Animalia,Chordata,Actinopterygii,Perciformes,Centrarchidae,Micropterus,Micropterus salmoides,CACCGCGGTTATACGAGAGGCCCAAGTTGACAAATCCCGGCGTAAAGAGTGGTTAAGAAAAATTTAAAACTAAAGCCGAATGCCCTCAAAGCTGTTATACGCACCCGAAGGTAAGAAGCCCAATCACGAAAGTGGCTTTACGTTTCCTGAGCCCACGAAAGCTATGAAA,14161,0.003713665,,,,,,,,,,,
Animalia,Chordata,Actinopterygii,Perciformes,Percidae,Percina,Percina macrolepida,CACCGCGGTTATACGAGAGGCCCAAGTTGATAATTACCGGCGTAAAGCGTGGTTAAGATTTTTATAAAACTAAAGCCGAACCCCTTCAGAGCTGTTATACGCACCCGAAGGTAAGAAGTTCAACCACGAAAGTGGCTTTACAGCCCCGAACCCACGAAAGCTAAGATA,11844,0.003106041,,,,,,,,,,,
Animalia,Chordata,Actinopterygii,Cypriniformes,Cyprinidae,Notemigonus,Notemigonus crysoleucas,CACCGCGGTTAAACGAGAGGCCCCAGTTAATAATACACGGCGTAAAGGGTGGTTAAGGAAAGCATGGTAATAAAGCCGAATGGCCCTTTGGCTGTCATACGCTTCTAGGTGTCCGAAGCCCAACATACGAAAGTAACTTTAGTAAAACCCACCTGACCCCACGAAAGCTGAGAAA,11318,0.0029681,,,,,,,,,,,
Animalia,Chordata,Actinopterygii,Perciformes,Centrarchidae,Lepomis,Lepomis macrochirus,CACCGCGGTTATACGAGAGGCTCAAGTTGATGAACCCCGGCGTAAAGAGTGGTTAAGGAAGATCAAAACTAAAGCCGAATGCTTTCAAAGCTGTTATACGCTTCCGAAAGTAAGAAGCCCAATCACGAAAGTGGCTTTACTTTACCTGACCCCACGAAAGCTACGACA,9939,0.002606463,,,,,,,,,,,
Animalia,Chordata,Actinopterygii,Perciformes,Centrarchidae,Micropterus,Micropterus dolomieu,CACCGCGGTTATACGAGAGGCCCAAGTTGACAAACCCCGGCGTAAAGAGTGGTTAAGGAAAATTTAAAACTAAAGCCGAATGCCCCCAAAGCTGTTATACGCACCCGAGGGTAAGAAGCCCAATCACGAAAGTGGCTTTACACTACCTGAACCCACGAAAGCTATGAAA,9914,0.002599907,,,,,,,,,,,
Animalia,Chordata,Mammalia,Rodentia,Castoridae,Castor,Castor canadensis,CACCGCGGTCATACGATAGACCCAAACTAATAAACCCCGGCGTAAAGCGTGTTTAAGAATATCCACCCTCAATAAGGATAAACTTGACCTAAGCTGTAAAAAGCTATAGTTGAAGAAAAAATAACCCACGAAAGTGATCTTAAAATAAATCTGATAACACGACAGCTAAGACC,7981,0.002092985,,,,,,,,,,,
Animalia,Chordata,Actinopterygii,Cypriniformes,Catostomidae,Catostomus,Catostomus occidentalis,CACCGCGGTTATACGAGAGACCCTAGTTGATAGGCACGGCGTAAAGGGTGGTTAAGGGAGTACACAAATAAAGCCGAAGGACCCTCTGGCCGTTATACGCTTCTGGACGCCCGAAGCCCAAATACGAAAGTAGCTTTAATTTAGCCCACCTGACCCCACGAAAACTGAGAAA,7079,0.001856439,,,,,,,,,,,
Animalia,Chordata,Actinopterygii,Cypriniformes,Catostomidae,Catostomus,Catostomus occidentalis,CACCGCGGTTATACGAGAGGCCCTAGTTGATAGGCACGGCGTAAAGGGTGGTTAAGGGAGTACACAAATAAAGCCGAAGGACCCTCTGGCCGTTATACGCTTCTGGACGCCCAAAGCCCAAATACGAAAGTAGCTTTAATTTAGCCCACCTGACCCCACGAAAACTGAGAAA,6562,0.001720858,,,,,,,,,,,
Animalia,Chordata,Actinopterygii,Perciformes,Centrarchidae,Micropterus,Micropterus salmoides,CACCGCGGTTATACGAGAGGCCCAAGTTGACAAATCCCGGCGTAAAGAGTGGTTAAGAAAAATTTAAAACTAAAGCCGAATGCCCTCAAAGCTGTTATACGCACCCGAAGGTAAGAAGCCCAATCACGAAAGTGGCTTTACGTTTCCTGAACCCACGAAAGCTATGAAA,6081,0.001594718,,,,,,,,,,,
Animalia,Chordata,Actinopterygii,Salmoniformes,Salmonidae,Oncorhynchus,Oncorhynchus nerka,CACCGCGGTTATACGAGAGGCCCTAGTTGATAACTACCGGCGTAAAGAGTGGTTATGGAAAAATATTTAATAAAGCCGAACACCCCCTCAGCCGTCATACGCACCTGGGAGCACGAAGACCTACTGCGAAAGCAGCTTTAATTATGCCTGACCCCACGACAGCTAAGAAA,5316,0.0013941,,,,,,,,,,,
Animalia,Chordata,Mammalia,Primates,Hominidae,Homo,Homo sapiens,CACCGCGGTCACACGATTAACCCAAGTCAATAGAAGCCGGCGTAAAGAGTGTTTTAGATCACCCCCTCCCCAATAAAGCTAAAACTCACCTGAGTTGTAAAAAACTCCAGTTGACACAAAATAGACTACGAAAGTGGCTTTAACATATCTGAACACACAATAGCTAAGACC,5190,0.001361057,,,,,,,,,,,
Animalia,Chordata,Actinopterygii,Cyprinodontiformes,Poeciliidae,Gambusia,Gambusia affinis,CACCGCGGTTATACGAGAGACCCAAGTTGATAAAATACGGCGTAAAGCGTGGTTAAAAGCCCCCACTAAACTAAGACTAAACCTTTCCAAAGCTGTTATACGCACCCGGAAATATGAAACTCAACTACGAAAGTGGCCTTAATTTCCCCTTGACCCCACGAAAGCTGCGAAA,3648,0.000956673,,,,,,,,,,,
Animalia,Chordata,Actinopterygii,Gasterosteiformes,Gasterosteidae,Gasterosteus,Gasterosteus aculeatus,CACCGCGGTTATACGAGAGGCCCAAGTTGATGAATTACGGCGTAAAGAGTGGTTAAGCTAAAATTAAAACTAAAGCCGAACACCCCCAAAGCTGTTATACGCATCCGGAGGTGAGAAGTTCAACCACGAAGTTGGCTTTATCTAACCTGAACCCACGAAAGCTACGGCA,2708,0.000710162,,,,,,,,,,,
Animalia,Chordata,Actinopterygii,Perciformes,Centrarchidae,Pomoxis,Pomoxis nigromaculatus,CACCGCGGTTATACGAGAGGCTCAAGTTGATTAACCCCGGCGTAAAGAGTGGTTAAGATGAACTATAAACTAAAGCCGAATGCCCTCAAAGCCGTTATACGCACTCGAAGGAAAGAAGCTCAATCACGAAAGTAGCTTTACATCACCTGAACCCACGAAAGCTATGAAA,2622,0.000687609,,,,,,,,,,,
Animalia,Chordata,Actinopterygii,Cyprinodontiformes,Poeciliidae,Gambusia,Gambusia affinis,CACCGCGGTTATACCAGAGGCCCAAGTTGATAAAATACGGCGTAAAGCGTGGTTAAAAGCCCCCACTAAACTAAGACTAAACCTTTCCAAAGCTGTTATACGCACCCGGAAATATGAAACTCAACTACGAAAGTGGCCTTAATTTCCCCTTGACCCCACGAAAGCTGCGAAA,2505,0.000656926,,,,,,,,,,,
Animalia,Chordata,Actinopterygii,Cypriniformes,Catostomidae,Catostomus,Catostomus occidentalis,CACCGCGGTTATACGAGAGGCCCTAGTTGATAGGCACGGCGTAAAGGGTGGTTAAGGGAGTACACAAATAAAGCCGAAGGACCCTCTGGCCGTTATACGCTTCTGGACGCCCGAAGCCCAAATACGAAAGTAGCTTTAATTTAACCCACCTGACCCCACGAAAACTGAGAAA,2134,0.000559633,,,,,,,,,,,
Animalia,Chordata,Actinopterygii,Cypriniformes,Cyprinidae,Pimephales,Pimephales promelas,CACCGCGGTTAAACGAGAGGCCCTAGTTGATATTACAACGGCGTAAAGGGTGGTTAAGGACAGCAAATCAATAAAGTCGAATGGCCCTTTGGCTGTCATACGCTTCTAGGAGTCCGAAGCCCAATATACGAAAGTAACTTTAAGAATGCCCACCTGACCCCACGAAAGCTGAGAAA,2124,0.00055701,,,,,,,,,,,
Animalia,Chordata,Actinopterygii,Gasterosteiformes,Gasterosteidae,Gasterosteus,Gasterosteus aculeatus,CACCGCGGTTATACGAGAGGCCCAAGTTGATGAATTACGGCGTAAAGAGTGGTTAAGCTAAAATTAAAACTAAAGCCGAACACCCCCAAAGCTGTTATACGCATCCGGAGGTGAGAAGTTCAACCACGAAGTTGGCTTTATCTAACCTGAACCCACGAAAGCTAAGGCA,2114,0.000554388,,,,,,,,,,,
Animalia,Chordata,Actinopterygii,Perciformes,Centrarchidae,Lepomis,Lepomis gulosus,CACCGCGGTTATACGAGAGGCCCAAGCTGATAAGCCCCGGCGTAAAGAGTGGTTAAGAAGAGATGAAAACTAAAGCCGAATGCTTTCAAGACTGTTATACGTTCCCGAAAGTAAGAAGGCCAATCACGAAAGTGGCTTTATAATACCTGACCCCACGAAAGCTACGATA,1931,0.000506397,,,,,,,,,,,
Animalia,Chordata,Mammalia,Rodentia,Muridae,Mus,Mus musculus,CACCGCGGTCATACGATTAACCCAAACTAATTATCTTCGGCGTAAAACGTGTCAACTATAAATAAATAAATAGAATTAAAATCCAACTTATATGTGAAAATTCATTGTTAGGACCTAAACTCAATAACGAAAGTAATTCTAGTCATTTATAATACACGACAGCTAAGACC,1421,0.000372652,,,,,,,,,,,
Animalia,Chordata,Actinopterygii,Salmoniformes,Salmonidae,Oncorhynchus,Oncorhynchus tshawytscha,CACCGCGGTTATACGAGAGGCCCTAGTTGATAACTACCGGCGTAAAGAGTGGTTATGGAAAAATATTTAATAAAGCCGAACACCCCCTCAGCCGTCATACGCACCTAGGGGCACGAAGACCTACTGCGAAAGCAGCTTTAATTACACCTGACCCCACGACAGCTAAGAAA,1177,0.000308664,,,,,,,,,,,
Animalia,Chordata,Actinopterygii,Cypriniformes,Cyprinidae,Orthodon,Orthodon microlepidotus,CACCGCGGTTAGACGAGAGGCCCCAGTTGATAGTACAACGGCGTAAAGGGTGGTTAGGGAAAGCAAAACAATAAAGTCAAATGGCCCTTTGGCTGTCATACGCTTCTAGGTGTCCGAAGTCCAACTATACGAAAGTAGCTTTAGAAAAGCCCACCTGACACCACGAAAGCTGAGAAA,1045,0.000274047,,,,,,,,,,,
Animalia,Chordata,Actinopterygii,Cypriniformes,Cyprinidae,Ptychocheilus,Ptychocheilus grandis,CAACGCGGTTAAACGAGAGGCCCTAGTTGATAGTACGACGGCGTAAAGGGTGGTTAAGGAAAGCAAACAATAAAGCCGAATGGCCCTTTGGCTGTCATACGCTTCTAGGTGTCCGAAGCCCAATATACGAAAGTAGCTTTAGAAAGGCCCACCTGACACCACGAAAGCTGAGAAA,973,0.000255165,,,,,,,,,,,
Animalia,Chordata,Actinopterygii,Siluriformes,Ictaluridae,Ameiurus,Ameiurus catus,CACCGCGGTTATACGAAAGGCCCTAGTTGCTAGCCACGGCGTAAAGGGTGGTTAAGGGCAATTGTAAATAAAGCTAAAGACCCCCTAAGCCGTCATACGCATTCCGGGGGCACGAAACCCTAGCACGAAAGTAGCTTTAAAAATATACCTGACCCCACGAAAGCTAAGAAA,736,0.000193013,,,,,,,,,,,
Animalia,Chordata,Actinopterygii,Cypriniformes,Cyprinidae,Ptychocheilus,Ptychocheilus grandis,CACCGCGGTCAAACGAGAGGCCCTAGTTGATAGTACGACGGCGTAAAGGGTGGTTAAGGAAAGCAAACAATAAAGCCGAATGGCCCTTTGGCTGTCATACGCTTCTAGGTGTCCGAAGCCCAATATACGAAAGTAGCTTTAGAAAGGCCCACCTGACACCACGAAAGCTGAGAAA,712,0.000186719,,,,,,,,,,,
Animalia,Chordata,Actinopterygii,Cypriniformes,Cyprinidae,Ptychocheilus,Ptychocheilus grandis,CACCGCGGTTAAACGAGAGGCCCTAGTTGATAGTACGACGGCGTAAAGGGTGGTTAAGGAAAGCAAACAATAAAGCCGAATGGCCCTTTGGCTGTAATACGCTTCTAGGTGTCCGAAGCCCAATATACGAAAGTAGCTTTAGAAAGGCCCACCTGACACCACGAAAGCTGAGAAA,560,0.000146858,,,,,,,,,,,
Animalia,Chordata,Actinopterygii,Cypriniformes,Cyprinidae,Orthodon,Orthodon microlepidotus,CACCGCGGTTAGACGAGAGGCCCCAGTTGATAGTACAACGGCGTAAAGGGTGGTTAAGGAAAGCAAACAATAAAGTCAAATGGCCCTTTGGCTGTCATACGCTTCTAGGTGTCCGAAGTCCAACTATACGAAAGTAGCTTTAGAAAAGCCCACCTGACACCACGAAAGCTGAGAAA,483,0.000126665,,,,,,,,,,,
Animalia,Chordata,Actinopterygii,Cypriniformes,Cyprinidae,Ptychocheilus,Ptychocheilus grandis,CACCGCGGTTAAACGAGAGGCCCTAGTTGATAGTACGACGGCGTAAAGGGTGGTTAAGGAAAGCAAACAATAAAGCCGAATGGCCCTTTGGCTGTCATACGCTTCTAGGTGTCCAAAGCCCAATATACGAAAGTAGCTTTAGAAAGGCCCACCTGACACCACGAAAGCTGAGAAA,459,0.000120371,,,,,,,,,,,
Animalia,Chordata,Actinopterygii,Cypriniformes,Cyprinidae,Cyprinus,Cyprinus carpio,CACCGCGGTTAGACGAGAGGCCCTAGTTGATATTACAACGGCGTAAAGGGTGGTTAAGGATAAACAAAAATAAAGTCAAATGGCCCCTTGGCCTTCATACGCTTCTAGGAGTCCGAAGCCCTAATACGAAAGTAACTTTAATAAACCCACCTGACCCCACGAAAGCTGAGAAA,458,0.000120109,,,,,,,,,,,
Animalia,Chordata,Actinopterygii,Cypriniformes,Cyprinidae,Pimephales,Pimephales promelas,CACCGCGGTTAAACGAGAGGCCCTAGTTGATATTACAACGGCGTAAAGGGTGGTTAAGGACAGCAAATCAATAAAGTCGAATGGCCCTTTGGCTGTCATACGCTTCTAGGAGTCCGAAGCCCAATATACGAAAGTAACTTTAAGAATGCCCACCTGACCCCACGAAAGCTGAGAAG,458,0.000120109,,,,,,,,,,,
Animalia,Chordata,Actinopterygii,Siluriformes,Ictaluridae,Ameiurus,Ameiurus nebulosus,CACCGCGGTTATACGAAAGGCCCTAGTTGCTAGCCACGGCGTAAAGGGTGGTTAAGGACAACAACAAATAAAGCTAAAGATCCCCTAAGCCGTCATACGCATTCCGGGGGCACGAAGCCCTAACACGAAAGTAGCTTTAAAAAATATACCTGACCCCACGAAAGCTAAGAAA,452,0.000118535,,,,,,,,,,,
Animalia,Chordata,Actinopterygii,Cypriniformes,Catostomidae,Catostomus,Catostomus occidentalis,CACCGCGGTTATACGAGAGGCCCTAGTTGATAGGCACGGCGTAAAGGGTGGTTAATGGAGTACACAAATAAAGCCGAAGGACCCTCTGGCCGTTATACGCTTCTGGACGCCCGAAGCCCAAATACGAAAGTAGCTTTAATTTAGCCCACCTGACCCCACGAAAACTGAGAAA,448,0.000117486,,,,,,,,,,,
Animalia,Chordata,Actinopterygii,Perciformes,Centrarchidae,Lepomis,Lepomis macrochirus,CACCGCGGTTATACGAGAGGCTCAAGTTGATGAACCCCGGCTTAAAGAGTGGTTAAGAGAGATCAAAACTAAAGCCGAATGCTTTCAAAGCTGTTATACGCTTCCGAAAGTAAGAAGCCCAATCACGAAAGTGGCTTTACTTTACCTGACCCCACGAAAGCTACGACA,444,0.000116437,,,,,,,,,,,
Animalia,Chordata,Actinopterygii,Salmoniformes,Salmonidae,Oncorhynchus,Oncorhynchus mykiss,CACCGCGGTTATACGAGAGGCCCTAGTTGATAACTACCGGCGTAAAGAGTGGTTATGGAAAAATATTTAATAAAGCCGAACACCCCCTCAGCCGTCATACGCACCTGGGAGCACGAAGACCTACTGCGAAAGAAGCTTTAACTATGCCTGACCCCACGACAGCTAAGAAA,442,0.000115913,,,,,,,,,,,
Animalia,Chordata,Actinopterygii,Cypriniformes,Cyprinidae,Ptychocheilus,Ptychocheilus grandis,CACCGCGGTTAAACGAGAGGCCCTAGTTGATAGTACGACGGCGTAAAGGGTTGTTAAGGAAAGCAAACAATAAAGCCGAATGGCCCTTTGGCTGTCATACGCTTCTAGGTGTCCGAAGCCCAATATACGAAAGTAGCTTTAGAAAGGCCCACCTGACACCACGAAAGCTGAGAAA,440,0.000115388,,,,,,,,,,,
Animalia,Chordata,Actinopterygii,Salmoniformes,Salmonidae,Oncorhynchus,Oncorhynchus tshawytscha,CACCGCGGTTATACGAGAGACCCTAGTTGATAACTACCGGCGTAAAGAGTGGTTATGGAAAAATATTTAATAAAGCCGAACACCCCCTCAGCCGTCATACGCACCTGGGGGCACGAAGACCTACTGCGAAAGCATCTTTAATTACACCTGACCCCACGACAGCTAAGAAA,440,0.000115388,,,,,,,,,,,
Animalia,Chordata,Actinopterygii,Cypriniformes,Catostomidae,Catostomus,Catostomus occidentalis,CACCGCGGTTATACGAGAGGCCCTAGTTGATAGGCACGGCGTAAAGGGTGGTTAAGGGAGTACACAAATAAAGCCGAAGGACCCTCTGGCCGTTATACGCTTCTGGACGCCCGAAGCCCAAATACGAAAGTAGCTTTAATTTAGCACACCTGACCCCACGAAAACTGAGAAA,434,0.000113815,,,,,,,,,,,
Animalia,Chordata,Actinopterygii,Cypriniformes,Cyprinidae,Ptychocheilus,Ptychocheilus grandis,CACCGCGGTTAAACGAGAGGCCCTAGTTGATAGTACGACGGCGTAAAGGGTGGTTAAGGAAAGCAAACAATAAAGCCTAATGGCCCTTTGGCTGTCATACGCTTCTAGGTGTCCGAAGCCCAATATACGAAAGTAGCTTTAGAAAGGCCCACCTGACACCACGAAAGCTGAGAAA,429,0.000112504,,,,,,,,,,,
Animalia,Chordata,Actinopterygii,Clupeiformes,Clupeidae,Alosa,Alosa sapidissima,CACCGCGGTTATACGAGAGGCCCTAGTTGATTCACTCGGCGTAAAGAGTGGTTATGGAGAACTAAATACTAAAGCCGAAGACCCCTTAGGCCGTCATACGCACCTAGGGGTTCGAATTATATACACGAAAGTAGCTTTACCCTTTCCCACCAGAACCCACGACAGCCGGGACA,426,0.000111717,,,,,,,,,,,
Animalia,Chordata,Mammalia,Artiodactyla,Bovidae,Bos,Bos taurus,CACCGCGGTCATACGATTAACCCAAGCTAACAGGAGTACGGCGTAAAACGTGTTAAAGCACCATACCAAATAGGGTTAAATTCTAACTAAGCTGTAAAAAGCCATGATTAAAATAAAAATAAATGACGAAAGTGACCCTACAATAGCCGACGCACTATAGCTAAGACC,418,0.000109619,,,,,,,,,,,
Animalia,Chordata,Actinopterygii,Cypriniformes,Cyprinidae,Ptychocheilus,Ptychocheilus grandis,CACCGCGGTTAAACGAGAGGCCCTAGTTGATAGTACGACGGCGTAAAGGGTGGTTAAGGAAAGCAAACAATAAAGCCGAATGGCCCTTTGGCTGTCATACGCTTCTAGGTGTCCGAAGCCCAATATACGAAAGTAGCTTTAGAAAGGCCCACCTGACACCACGAAAGCTTAGAAA,407,0.000106734,,,,,,,,,,,
Animalia,Chordata,Actinopterygii,Cypriniformes,Cyprinidae,Cyprinus,Cyprinus carpio,CACCTCGGTTAGACGAGAGGCCCTAGTTGATATTACAACGGCGTAAAGGGTGGTTAAGGATAAACAAAAATAAAGTCAAATGGCCCCTTGGCCGTCATACGCTTCTAGGAGTCCGAAGCCCTAATACGAAAGTAACTTTAATAAACCCACCTGACCCCACGAAAGCTGAGAAA,394,0.000103325,,,,,,,,,,,
Animalia,Chordata,Actinopterygii,Cypriniformes,Catostomidae,Catostomus,Catostomus occidentalis,CACCGCGGTTATACGAGAGGCCCTAGTTGATAGGCACGGCGTAAAGGGTGGTTAAGGGAGTACACAAATAAAGCCGAAGGACCCTCTGGCCGTTATACGCTTCTGGACGCCCGAAGCCCAAATACGAAAGTAGCTTTAATTTAGCCCACCTGACCCCACGAAAACTGAGAGA,392,0.0001028,,,,,,,,,,,
Animalia,Chordata,Actinopterygii,Cypriniformes,Catostomidae,Catostomus,Catostomus occidentalis,CACCGCGGTTATACGAGAGGCCCTAGTTGATAGGCACGGCGTAAAGGGTGGTTAAGGGAGTACACAAATAAAGCCGAAGGACCCTCCGGCCGTTATACGCTTCTGGACGCCCGAAGCCCAAATACGAAAGTAGCTTTAATTTAGCCCACCTGACCCCACGAAAACTGAGAAA,379,9.93912E-05,,,,,,,,,,,
Animalia,Chordata,Actinopterygii,Cypriniformes,Cyprinidae,Ptychocheilus,Ptychocheilus grandis,CACCGCGGTTAAACGAGAGGCCCTAGTTGATAGTACGACGGCGTAAAGGGTGGTTAAGGAAAGCAAACAATAAAGCCGAATGGCCCTTTGGCTGTCATACGCTTCTAGGTGTCCGAAGCCCAATATACGAAAGTAGCTTTAGAAAGGCCAACCTGACACCACGAAAGCTGAGAAA,376,9.86045E-05,,,,,,,,,,,
Animalia,Chordata,Actinopterygii,Cypriniformes,Cyprinidae,Ptychocheilus,Ptychocheilus grandis,CACCGCGGTTAAACGAGAGGCCCTAGTTGATAGTACGACGGCGTAAAGGGTGGTTAAGGAAAGCAAACAATAAAGCCGAATGGCCCTTTGGCTGTCATACGCTTCTAGGTGTCCTAAGCCCAATATACGAAAGTAGCTTTAGAAAGGCCCACCTGACACCACGAAAGCTGAGAAA,368,9.65065E-05,,,,,,,,,,,
Animalia,Chordata,Actinopterygii,Perciformes,Centrarchidae,Pomoxis,Pomoxis nigromaculatus,CACCGCGGTTATACGAGAGGCTCAAGTTGACTAACCCCGGCGTAAAGAGTGGTTAAGATGAACTATAAACTAAAGCCGAATGCCCTCAAAGCTGTTATACGCACCCGAAGGTAAGAAGCTCAATCACGAAAGTGGCTTTACATCACCTGAACCCACGAAAGCTATGAAA,367,9.62443E-05,,,,,,,,,,,
Animalia,Chordata,Actinopterygii,Cypriniformes,Cyprinidae,Ptychocheilus,Ptychocheilus grandis,CACCGCGGTTAAACGAGAGGCCCTAGTTGATAGTACGACGGCGTAAAGGGTGGTTAAGGAAAGCAAACAATAAAGCCGAATGGCCCTTTGGCTGTCATACGCTTCTAGGTGTCCGAAGCCCAATATACTAAAGTAGCTTTAGAAAGGCCCACCTGACACCACGAAAGCTGAGAAA,362,9.4933E-05,,,,,,,,,,,
Animalia,Chordata,Mammalia,Rodentia,Cricetidae,Ondatra,Ondatra zibethicus,CACCGCGGTCATACGATTAACCCAAACTAATTATTCTCGGCGTAAAACGTGTTACTAGGAAACCAAAAATAGAATTAAAAACCATCCAATATGTGAAAATTCATCGCTGGACCTAAAACCAATGACGAAAGTAATTCTAGAATTCTTGACACACGATAGCTAAGATC,353,9.25728E-05,,,,,,,,,,,
Animalia,Chordata,Actinopterygii,Scorpaeniformes,Scorpaenidae,Sebastes,Sebastes spp.,CACCGCGGCTATACGAGAGACCCAAGTTGATACCATTCGGCGTAAAGAGTGGTTATGGAAAATAAAGACTAAAGCCGCACACCTTCAAAGCTGTTATACGCATCCGAAGGCTAGAAGATCGACCACGAAGGTAGCTTTACAACCCCTGACCCCACGAAAGCTCTGGCA,338,8.86391E-05,,,,,,,,,,,
Animalia,Chordata,Mammalia,Carnivora,Mustelidae,Lontra,Lontra canadensis,CACCGCGGTCATACGATTAACCCGAATTAATAGGCCCACGGCGTAAAACGTGTTAAGGATCACATAATACTAAAGTTAAAATCTAACTAGGCCGTAAAAAGCTACCGTTAGTATAAGATATGCCACGAAAGTGACTTTACCATCTCCAACAACACGACAGCTGGGACC,337,8.83769E-05,,,,,,,,,,,
Animalia,Chordata,Actinopterygii,Cypriniformes,Cyprinidae,Lavinia,Lavinia exilicauda,CACCGCGGTTAAACGAGAGGCCCTAGTTGATAATACAACGGCGTAAAGGGTGGTTAAGGAACGCAAATAATAAAGCCGAATGGCCCTTTGGCTGTCATACGCTTCTAGGTGTCCGAAGCCCAATATACGAAAGTAGCTTTAGAAAAGCCCACCTGACACCACGAAAGCTGAGAAA,336,8.81146E-05,,,,,,,,,,,
Animalia,Chordata,Actinopterygii,Scorpaeniformes,Cottidae,Cottus,Cottus asper,CACAGCGGTTATACGAGAGACCCAAGTTGACAAACACCGGCGTAAAGCGTGGTTAAGTTAAAAATCATACTAAAGCCAAACATCTTCAAGACTGTTATACGTAACCGAAGACAGGAAGTTCAACCACGAAAGTCGCTTTATCTGATCTGAATCCACGAAAGCTAAGAAA,331,8.68034E-05,,,,,,,,,,,
Animalia,Chordata,Actinopterygii,Gasterosteiformes,Gasterosteidae,Gasterosteus,Gasterosteus aculeatus,CACCGCGGTTATACGAGAGGCCCAAGTTGATGAATTACGGCGTAAAGAGTGGTTAAGCTAAAATTAAAACTAAAGCCGAACACCCCCAAAGCTGTTATACGCATCCGGAGGTGAGAAGTTCAACCACAAAGGTGGCTTTATCTAACCTGAACCCACGAAAGCTAAGGCA,314,8.23452E-05,,,,,,,,,,,
Animalia,Chordata,Mammalia,Chiroptera,Vespertilionidae,Myotis,Lasiurus frantzii(?),CACCGCGGTCATACGATTAGGCCAAACTAATAGGCATTCGGCGTAAAGGGTGTTTTAGAAATTCCGTATATTAAATAAAGTTAAAACTTAACTAGGCCGTAAAAAGCATTAGCTAACATTAAATACATTAACGAAAGTAACTTTATTAAATCTGATTACACTACAGCTAAGATC,312,8.18207E-05,,,,,,,,,,,
Animalia,Chordata,Actinopterygii,Cypriniformes,Cyprinidae,Ptychocheilus,Ptychocheilus grandis,CACCGCGGTTAAACGAGAGGCCCTAGTTGATAGTACGACGGCGTAAAGGGTAGTTAAGGAAAGCAAACAATAAAGCCGAATGGCCCTTTGGCTGTCATACGCTTCTAGGTGTCCGAAGCCCAATATACGAAAGTAGCTTTAGAAAGGCCCACCTGACACCACGAAAGCTGAGAAA,308,8.07718E-05,,,,,,,,,,,
Animalia,Chordata,Actinopterygii,Cypriniformes,Catostomidae,Catostomus,Catostomus occidentalis,CACCGCGGTTATACGAGAGGCCCTAGTTGATAGGCACGGCGTAAAGGGTTGTTAAGGGAGTACACAAATAAAGCCGAAGGACCCTCTGGCCGTTATACGCTTCTGGACGCCCGAAGCCCAAATACGAAAGTAGCTTTAATTTAGCCCACCTGACCCCACGAAAACTGAGAAA,296,7.76248E-05,,,,,,,,,,,
Animalia,Chordata,Actinopterygii,Cypriniformes,Catostomidae,Catostomus,Catostomus occidentalis,CACCGCGGTTATACGAGAGGCCCTAGTTGATAGGCACGGCGTAAAGGGTGGTTAAGGGAGTACACAAATAAAGCCGAAGGACCCTCTGGCCGTTATACGCTTCTGGACGCCCGAAGCCCAAATACGAAAGTAGCTTTAATTTAGCCCACCTGACCCCACGAAAACTTAGAAA,284,7.44779E-05,,,,,,,,,,,
Animalia,Chordata,Actinopterygii,Cypriniformes,Cyprinidae,Ptychocheilus,Ptychocheilus grandis,CACCGCGGTTAAACGAGAGGCCCTAGTTGATAGTACGACGGCGTAAAGGGTGGTTAAGGAAAGCAAACAATAAAGCCGAATGGCCCTTTGGCTGTCATACGCTTCTAGGTGTCCGAAGCCCAATATACGAAAGTATCTTTAGAAAGGCCCACCTGACACCACGAAAGCTGAGAAA,270,7.08064E-05,,,,,,,,,,,
Animalia,Chordata,Actinopterygii,Gasterosteiformes,Gasterosteidae,Gasterosteus,Gasterosteus aculeatus,CACCGCGGTTATACGAGAGGCCCAAGTTGATGAATTACGGCATAAAGAGTGGTTAAGCTAAAATTAAAACTAAAGCCGAACACCCCCAAAGCTGTTATACGCATCCGGAGGTGAGAAGTTCAACCACGAAGGTGGCTTTATCTAACCTGAACCCACGAAAGCTACGGCA,267,7.00197E-05,,,,,,,,,,,
Animalia,Chordata,Actinopterygii,Cypriniformes,Catostomidae,Catostomus,Catostomus occidentalis,CACCGCGGTTATACGAGAGGCCCTAGTTGATAGGCACGGCGTAAAGGGTGGTTAAGGGAGTACACAAATAAAGCCTAAGGACCCTCTGGCCGTTATACGCTTCTGGACGCCCGAAGCCCAAATACGAAAGTAGCTTTAATTTAGCCCACCTGACCCCACGAAAACTGAGAAA,263,6.89707E-05,,,,,,,,,,,
Animalia,Chordata,Mammalia,Rodentia,Cricetidae,Ondatra,Ondatra zibethicus,CACCGCGGTCATACGATTAACCCAAACTAATTATTCTCGGCGTAAAACGTGTTACTAGGATTCCACAAAATAGAATTAAAACCCATCCAATATGTGAAAATTCATCGCTGGACCTAAAACCAATGACGAAAGTAATTCTAATAAACCTAATACACGATAGCTAAGATC,259,6.79217E-05,,,,,,,,,,,
Animalia,Chordata,Actinopterygii,Cypriniformes,Catostomidae,Catostomus,Catostomus occidentalis,CACCGCGGTTATACGAGAGGCCCTAGTTGATAGGCACGGCGTAAAGGGTGGTTAAGGGAGTACACAAATAAAGCCGAAGGACCCTCTGGCCGTTATACGCTTCTGGACTCCCGAAGCCCAAATACGAAAGTAGCTTTAATTTAGCCCACCTGACCCCACGAAAACTGAGAAA,254,6.66105E-05,,,,,,,,,,,
Animalia,Chordata,Actinopterygii,Gasterosteiformes,Gasterosteidae,Gasterosteus,Gasterosteus aculeatus,CACCGCGGTTATACGAGAGGCCCAAGTTGATGAATTACGGCGTAAAGAGTGGTTAAGCTAAAATTAAAACTAAAGCCGAACACCCCCAAAGCTTTTATACGCATCCGGAGGTGAGAAGTTCAACCACGAAGGTGGCTTTATCTAACCTGAACCCACGAAAGCTACGGCA,254,6.66105E-05,,,,,,,,,,,
Animalia,Chordata,Actinopterygii,Cypriniformes,Catostomidae,Catostomus,Catostomus occidentalis,CACCGCGGTTATACGAGAGGCCCTAGTTGATAGGCACGGCGTAAAGGGTGGTTAAGGAAGTACACAAATAAAGCCGAAGGACCCTCTGGCCGTTATACGCTTCTGGACGCCCGAAGCCCAAATACGAAAGTAGCTTTAATTTAGCCCACCTGACCCCACGAAAACTGAGAAA,242,6.34635E-05,,,,,,,,,,,
Animalia,Chordata,Reptilia,Testudines,Emydidae,Actinemys,Actinemys marmorata(?),CACCGCGGTTACACAAGAAGCCCGAACTAACAGACAACCGGCGTAAAATGTGATTAAAATTCTTAACCCATAAAATTAAGGTGAACCTACCACTTCACTGTCATACGTAAAAGTATATATTAACACATTATGAAAATAACCTTAATATAATAGGAATTATTTGAACCCACGATCGCTAAGACA,242,6.34635E-05,,,,,,,,,,,
Animalia,Chordata,Actinopterygii,Clupeiformes,Clupeidae,Dorosoma,Dorosoma petenense,CACCGCGGTTATACGAGAGACCCAAGTTGATAAGCCCGGCGTAAAGAGTGGTTATGGAGAATAAAATACTAAAGCTAAAGACCCCCTAGGCTGTTATACGCACCTGGCGGCTCGAACCCCCTATACGAAAGTAGCTTTACCCTCTTCCACCAGAACCCACGATAGCTGGGGCA,234,6.13656E-05,,,,,,,,,,,
Animalia,Chordata,Actinopterygii,Gasterosteiformes,Gasterosteidae,Gasterosteus,Gasterosteus aculeatus,CACCGCGGTTATACGAGAGGCCCAAGTTGATGAATTACGGCGTAAAGAGTGGTTAAGCTAAAATTAAAACTAAAGCCGAACACCCCCAAAGCTGTTATACGCATCCTGAGGTGAGAAGTTCAACCACGAAGGTGGCTTTATCTAACCTGAACCCACGAAAGCTAAGGCA,225,5.90053E-05,,,,,,,,,,,
Animalia,Chordata,Actinopterygii,Cypriniformes,Cyprinidae,Pogonichthys,Pogonichthys macrolepidotus,CACCGCGGTTAAACGAGAGGCCCCAGTTGATAATACAACGGCGTAAAGGGTGGTTAAGGAAAGCGAAACAATAAAGCCGAATGGCCCTTTGGCTGTCATACGCTTCTAGGAGTCCGAAGTCCAATATACGAAAGTAGCTTTAGAGAAGCCCACCTGACCCCACGAAAGCTGAGAAA,222,5.82186E-05,,,,,,,,,,,
Animalia,Chordata,Actinopterygii,Perciformes,Embiotocidae,Hysterocarpus,Hysterocarpus traskii,CACCGCGGTTATACTAGCGACCCAAGTTGAGAGACAACGGCGTAAAGGGTGGTTAAGGTACTAACAAACTAAAGCCGAAGGCCCTCAGGACTGTTATACGTTTCTGAAGGTAAGAAGTTCTTTTACGAAAGTAGCTTTAATATTCCTGACCCCACGAAAGCTGCGGAA,209,5.48094E-05,,,,,,,,,,,
Animalia,Chordata,Actinopterygii,Cypriniformes,Catostomidae,Catostomus,Catostomus occidentalis,CACCGCGGTTATACGAGAGGCCCTAGTTGATAGGCACGTCGTAAAGGGTGGTTAAGGGAGTACACAAATAAAGCCGAAGGACCCTCTGGCCGTTATACGCTTCTGGACGCCCGAAGCCCAAATACGAAAGTAGCTTTAATTTAGCCCACCTGACCCCACGAAAACTGAGAAA,202,5.29737E-05,,,,,,,,,,,
Animalia,Chordata,Actinopterygii,Gasterosteiformes,Gasterosteidae,Gasterosteus,Gasterosteus aculeatus,CACCGCGATTATACGAGAGGCCCAAGTTGATGAATTACGGCGTAAAGAGTGGTTAAGCTAAAATTAAAACTAAAGCCGAACACCCCCAAAGCTGTTATACGCATCCGGAGGTGAGAAGTTCAACCACGAAGGTGGCTTTATCTAACCTGAACCCACGAAAGCTACGGCA,201,5.27114E-05,,,,,,,,,,,
Animalia,Chordata,Actinopterygii,Cypriniformes,Catostomidae,Catostomus,Catostomus occidentalis,CACCGCGGTTATACGAGAGGCCCTAGTTGATAGGCACGGCGTAAAGGGTGGTTAAGGGATTACACAAATAAAGCCGAAGGACCCTCTGGCCGTTATACGCTTCTGGACGCCCGAAGCCCAAATACGAAAGTAGCTTTAATTTAGCCCACCTGACCCCACGAAAACTGAGAAA,196,5.14002E-05,,,,,,,,,,,
Animalia,Chordata,Actinopterygii,Cyprinodontiformes,Poeciliidae,Gambusia,Gambusia affinis,CACCGCGGTTATACGAGAGGCCCAAGTTGATAAAATACGGCGTAAAGCGTGGTTAAAAGCCCCCGCTAAACTAAGACTAAACCTTTCCAAAGCTGTTATACGCACCCGGAAATATGAAACTCAACTACGAAAGTGGCCTTAATTTCCCCTTGACCCCACGAAAGCTGCGAAA,196,5.14002E-05,,,,,,,,,,,
Animalia,Chordata,Actinopterygii,Cypriniformes,Catostomidae,Catostomus,Catostomus occidentalis,CACCGCGGTTATACGAGAGGCCCTAGTTGATAGGCACGGCGTAAAGGGTGGTTAAGGGAGTACACAAATAAAGCCGAAGGACCCTCTGGCCGTTATACGCTTCTGGACGCCCGAAGCCCAAATACGAAAGTAGCTTTAATTTATCCCACCTGACCCCACGAAAACTGAGAAA,192,5.03512E-05,,,,,,,,,,,
Animalia,Chordata,Mammalia,Artiodactyla,Suidae,Sus,Sus scrofa,CACCGCGGTCATACGATTAACCCAAATTAATAGATCCACGGCGTAAAGAGTGTTTAAGAAAAAAAATCACAATAGAGTTAAATTATAACTAAGCTGTAAAAAGCCCTAGTTAAAATAAAATAACCCACGAAAGTGACTCTAATAATCCTGACACACGATAGCTAGGACC,191,5.0089E-05,,,,,,,,,,,
Animalia,Chordata,Actinopterygii,Cypriniformes,Cyprinidae,Ptychocheilus,Ptychocheilus grandis,CACCGCGGTTAAACGAGAGGCCCTAGTTGATGGTACGACGGCGTAAAGGGTGGTTAAGGAAAGCAAACAATAAAGCCGAATGGCCCTTTGGCTGTCATACGCTTCTAGGTGTCCGAAGCCCAATATACGAAAGTAGCTTTAGAAAGGCCCACCTGACACCACGAAAGCTGAGAAA,183,4.7991E-05,,,,,,,,,,,
Animalia,Chordata,Actinopterygii,Gasterosteiformes,Gasterosteidae,Gasterosteus,Gasterosteus aculeatus,CACCGCGGTTATACGAGAGGCCCAAGTTGATGAATTACGGCGTAAAGAGTGGTTAAGCTAAAATTAAAACTAAAGCCGAACACCCCCAAAGCTGTTATACGCATCCGGAGGTGAGAAGTTCAACCACGAAGGTGGCTTTATCTAACCTGAACACACGAAAGCTACGGCA,183,4.7991E-05,,,,,,,,,,,
Animalia,Chordata,Actinopterygii,Gasterosteiformes,Gasterosteidae,Gasterosteus,Gasterosteus aculeatus,AGCAGCGGTAATACGAGAGGCCCAAGTTGATGAATTACGGCGTAAAGAGTGGTTAAGCTAAAATTAAAACTAAAGCCGAACACCCCCAAAGCTGTTATACGCATCCGGAGGTGAGAAGTTCAACCACGAAGGTGGCTTTATCTAACCTGAACCCACGAAAGCTAAGGCA,181,4.74665E-05,,,,,,,,,,,
Animalia,Chordata,Actinopterygii,Perciformes,Centrarchidae,Lepomis,Lepomis macrochirus,CACCGCGGTTATACGAGAGGCTCAAGTTGATGAACCCCGGCGTAAAGAGTGGTTAAGAGAGATCAAAACTAAAGCCGAATGCTTTCAAAGCTGTTATACGCTTCCGAAAGTAAGAAGCCCAATCACGAAAGTGGCTTTACTTTACCTGACCCCACAAAAGCTACGACA,179,4.6942E-05,,,,,,,,,,,
Animalia,Chordata,Actinopterygii,Siluriformes,Ictaluridae,Ameiurus,Ameiurus melas,CACCGCGGTTATACGAAAGACCCTAGTTGCTAGCCACGGCGTAAAGGGTGGTTAAGGACAACAACAAATAAAGCTAAAGATCCCCTAAGCCGTCATACGCATTCCGGGGGCACGAAGCCCTAACACGAAAGTAGCTTTAAAAAATATACCTGACCCCACGAAAGCTAAGAAA,179,4.6942E-05,,,,,,,,,,,
Animalia,Chordata,Actinopterygii,Cypriniformes,Catostomidae,Catostomus,Catostomus occidentalis,AGCAGCGGTAATACGAGAGGCCCTAGTTGATAGGCACGGCGTAAAGGGTGGTTAAGGGAGTACACAAATAAAGCCGAAGGACCCTCTGGCCGTTATACGCTTCTGGACGCCCGAAGCCCAAATACGAAAGTAGCTTTAATTTAGCCCACCTGACCCCACGAAAACTGAGAAA,170,4.45818E-05,,,,,,,,,,,
Animalia,Chordata,Actinopterygii,Perciformes,Centrarchidae,Lepomis,Lepomis macrochirus,CACCGCGGTTATACGAGAGGCTCAAGTTGATGAAACCCGGCGTAAAGAGTGGTTAAGAGAGATCAAAACTAAAGCCGAATGCTTTCAAAGCTGTTATACGCTTCCGAAAGTAAGAAGCCCAATCACGAAAGTGGCTTTACTTTACCTGACCCCACGAAAGCTACGACA,170,4.45818E-05,,,,,,,,,,,
Animalia,Chordata,Aves,Passeriformes,Fringillidae,Haemorhous,Haemorhous mexicanus,CACCGCGGTCATACAGGAGACTCAAATTAACTTTATAACGGCGTAAAGAGTGGTCGCATGCTATCCAAGTAGCTAAGATTAAAAAGCAACTGAGCTGTCATAAGCCCAAGATGCCCATAAGGCCTCCGTCTTCAAAGAAGATCTTAGAACAACGATCAATTGAATCCACGAAAGCCAGGACC,168,4.40573E-05,,,,,,,,,,,
Animalia,Chordata,Mammalia,Artiodactyla,Suidae,Sus,Sus scrofa,CACCGCGGTCATACGATTAACCCAAATTAATAGATCCACGGCGTAAAGAGTGTTTAAGAAAAAAAACCACAATAGAGTTAAATTATAACTAAGCTGTAAAAAGCCCTAGTTAAAATAAAATAACCCACGAAAGTGACTCTAATAATCCTGACACACGATAGCTAGGACC,166,4.35328E-05,,,,,,,,,,,
Animalia,Chordata,Actinopterygii,Cypriniformes,Catostomidae,Catostomus,Catostomus occidentalis,AGCAGCGGTTATACGAGAGGCCCTAGTTGATAGGCACGGCGTAAAGGGTGGTTAAGGGAGTACACAAATAAAGCCGAAGGACCCTCTGGCCGTTATACGCTTCTGGACGCCCGAAGCCCAAATACGAAAGTAGCTTTAATTTAGCCCACCTGACCCCACGAAAACTGAGAAA,160,4.19594E-05,,,,,,,,,,,
Animalia,Chordata,Mammalia,Rodentia,Castoridae,Castor,Castor canadensis,CACCGCGGTCACACGATAGACCCAAACTAATGAACCTCGGCGTAAAGCGTGTTTAAGAATTTCTGATCCCCAATAAGAATAAACTTTACCTAGGCCGTAAAAAGCTACAGCTAGAGAAAAAATAACTTACGAAAGTAATCTTAACAAATCTGATAACACGACAGCTAAGACC,157,4.11726E-05,,,,,,,,,,,
Animalia,Chordata,Actinopterygii,Scorpaeniformes,Cottidae,Cottus,Cottus asper,CACCGCGGTTATACGAGAGACCCAAGTTGACAAACACAGGCGTAAAGCGTGGTTAAGTTAAAAATCATACTAAAGCCAAACATCTTCAAGACTGTTATACGTAACCGAAGACAGGAAGTTCAACCACGAAAGTCGCTTTATCTGATCTGAATCCACGAAAGCTAAGAAA,153,4.01236E-05,,,,,,,,,,,
Animalia,Chordata,Actinopterygii,Cypriniformes,Cyprinidae,Cyprinus,Cyprinus carpio,CACCGCGGTTAGACGAGAGGCCCTAGTTGATATTACAACGGCGTAAAGGGTGGTTAAGGATAAACAAAAATAAAGTCAAATGGCCCCTTGGTCGTCATACGCTTCTAGGAGTCCGAAGCCCTAATACGAAAGTAACTTTAATAAACCCACCTGACCCCACGAAAGCTGAGAAA,148,3.88124E-05,,,,,,,,,,,
Animalia,Chordata,Actinopterygii,Perciformes,Centrarchidae,Lepomis,Lepomis macrochirus,CACCGCGGTTATACGAGAGGCTCAAGTTGATGAACCCCGGCGTAAAGAGTGGTTAAGAGAGATCAAAACTAAAGCCGAATGCTTTCAAATCTGTTATACGCTTCCGAAAGTAAGAAGCCCAATCACGAAAGTGGCTTTACTTTACCTGACCCCACGAAAGCTACGACA,148,3.88124E-05,,,,,,,,,,,
Animalia,Chordata,Mammalia,Primates,Hominidae,Homo,Homo sapiens,CACCGCGGTCACACGATTAACCCAAGTCAATAGAAACCGGCGTAAAGAGTGTTTTAGATCAATTCCCCTCAATAAAGCTAAAATTCACCTGAGTTGTAAAAAACTCCAGTTGATACAAAATAAACTACGAAAGTGGCTTTAACGCATCTGAACACACAATAGCTAAGACC,143,3.75012E-05,,,,,,,,,,,
Animalia,Chordata,Actinopterygii,Cypriniformes,Catostomidae,Catostomus,Catostomus occidentalis,CACCGCGGTTATACGAGAGGCCCTAGTTGATAGGCACGGCGTAAAGGGTGGTTAAGGGAGTTCACAAATAAAGCCGAAGGACCCTCTGGCCGTTATACGCTTCTGGACGCCCGAAGCCCAAATACGAAAGTAGCTTTAATTTAGCCCACCTGACCCCACGAAAACTGAGAAA,141,3.69767E-05,,,,,,,,,,,
Animalia,Chordata,Actinopterygii,Cypriniformes,Catostomidae,Catostomus,Catostomus occidentalis,CACCGCGGTTATACGAGAGGCCCTAGTTGATAGGCACGGCGTAAAGGGTGGTTAAGGGAGTACACAAATAAAGACGAAGGACCCTCTGGCCGTTATACGCTTCTGGACGCCCGAAGCCCAAATACGAAAGTAGCTTTAATTTAGCCCACCTGACCCCACGAAAACTGAGAAA,139,3.64522E-05,,,,,,,,,,,
Animalia,Chordata,Actinopterygii,Cypriniformes,Catostomidae,Catostomus,Catostomus occidentalis,CACCGCGGTTATACGAGAGGCCCTAGTTGATAGGCACGGCGTAAAGGGTGGTTATGGGAGTACACAAATAAAGCCGAAGGACCCTCTGGCCGTTATACGCTTCTGGACGCCCGAAGCCCAAATACGAAAGTAGCTTTAATTTAGCCCACCTGACCCCACGAAAACTGAGAAA,136,3.56655E-05,,,,,,,,,,,
Animalia,Chordata,Actinopterygii,Gasterosteiformes,Gasterosteidae,Gasterosteus,Gasterosteus aculeatus,AGCAGCGGTAATACGAGAGGCCCAAGTTGATGAATTACGGCGTAAAGAGTGGTTAAGCTAAAATTAAAACTAAAGCCGAACACCCCCAAAGCTGTTATACGCATCCGGAGGTGAGAAGTTCAACCACGAAGGTGGCTTTATCTAACCTGAACCCACGAAAGCTACGGCA,133,3.48787E-05,,,,,,,,,,,
Animalia,Chordata,Actinopterygii,Gasterosteiformes,Gasterosteidae,Gasterosteus,Gasterosteus aculeatus,CAACGCGGTTATACGAGAGGCCCAAGTTGATGAATTACGGCGTAAAGAGTGGTTAAGCTAAAATTAAAACTAAAGCCGAACACCCCCAAAGCTGTTATACGCATCCGGAGGTGAGAAGTTCAACCACGAAGGTGGCTTTATCTAACCTGAACCCACGAAAGCTACGGCA,133,3.48787E-05,,,,,,,,,,,
Animalia,Chordata,Actinopterygii,Cypriniformes,Catostomidae,Catostomus,Catostomus occidentalis,CACCGCGGTTATACGAGAGGCCCTAGTTGATAGGCACGGCGTAAAGGGTGGTTAAGGGAGTACAAAAATAAAGCCGAAGGACCCTCTGGCCGTTATACGCTTCTGGACGCCCGAAGCCCAAATACGAAAGTAGCTTTAATTTAGCCCACCTGACCCCACGAAAACTGAGAAA,132,3.46165E-05,,,,,,,,,,,
Animalia,Chordata,Actinopterygii,Cypriniformes,Catostomidae,Catostomus,Catostomus occidentalis,CACCGCGGTTATACGAGAGGCCCTAGTTGATAGGCACGGCGTAAAGGGTGGTTAAGGGAGTACACAAATAAAGCCGAAGGACCCTCTGGCCGTTATACGCTTCTGGACGCCCGAAGCCCAAATACGAAAGTAGCTTTAATTTAGCCCACCTGAACCCACGAAAACTGAGAAA,131,3.43542E-05,,,,,,,,,,,
Animalia,Chordata,Actinopterygii,Cyprinodontiformes,Poeciliidae,Gambusia,Gambusia affinis,CACCGCGGTTATACGAGAGGCCCAAGTTGATAAAATACGGCGTAAAGCGTGGTTAAAAGCCCCCACTAAACTAAGACTAAACCTTTCCAAAGCTGTTATACGCACCCGGAAATATGAAACTCAACTACGAAAATGGCCTTAATTTCCCCTTGACCCCACGAAAGCTGCGAAA,130,3.4092E-05,,,,,,,,,,,
Animalia,Chordata,Mammalia,Rodentia,Sciuridae,Hesperosciurus,Hesperosciurus griseus,CACCGCGGTCATACGATTAACCCTAGTTAATAAAGCACGGCGTAAAGCGTGATTAAGGCAAGTCCTAAATAAGATTAAGCTCTAACTAAGCTGTAAAAAGCCCTAGTTAAAATAAAAATATAAAACGAAAGTTATCTTATTAACCCTGAATTCACGATAGCTAAGGCC,130,3.4092E-05,,,,,,,,,,,
Animalia,Chordata,Actinopterygii,Scorpaeniformes,Cottidae,Cottus,Cottus asper,CACCGAGGTTATACGAGAGACCCAAGTTGACAAACACCGGCGTAAAGCGTGGTTAAGTTAAAAATCATACTAAAGCCAAACATCTTCAAGACTGTTATACGTAACCGAAGACAGGAAGTTCAACCACGAAAGTCGCTTTATCTGATCTGAATCCACGAAAGCTAAGAAA,129,3.38297E-05,,,,,,,,,,,
Animalia,Chordata,Actinopterygii,Cypriniformes,Catostomidae,Catostomus,Catostomus occidentalis,CACCGCGGTTATACGAGAGGCCCTAGTTGATAGGCATGGCGTAAAGGGTGGTTAAGGGAGTACACAAATAAAGCCGAAGGACCCTCTGGCCGTTATACGCTTCTGGACGCCCGAAGCCCAAATACGAAAGTAGCTTTAATTTAGCCCACCTGACCCCACGAAAACTGAGAAA,128,3.35675E-05,,,,,,,,,,,
Animalia,Chordata,Actinopterygii,Scorpaeniformes,Cottidae,Cottus,Cottus asper,CACCGCGGTTATACGAGAGGCCCAAGTTAACAAACACCGGCGTAAAGCGTGGTTAAGTTAAAAATCATACTAAAGCCAAACATCTTCAAGACTGTTATACGTAACCGAAGACAGGAAGTTCAACCACGAAAGTCGCTTTATCTGATCTGAATCCACGAAAGCTAAGGAA,124,3.25185E-05,,,,,,,,,,,
Animalia,Chordata,Actinopterygii,Cypriniformes,Catostomidae,Catostomus,Catostomus occidentalis,CACCGCGGTTATACGAGAGGCCCTAGTTGATAGGCACGGCGTAAAGGGTGGTTAAGGGAGTACACAAATAAAGCCGAAGGACCCTCTGGCCGTTATACGCTTCTGGACGCCCGAAGCCCAAATACGAAAGTAGCTTTAATTTAGCCCACCTGACCCAACGAAAACTGAGAAA,123,3.22563E-05,,,,,,,,,,,
Animalia,Chordata,Actinopterygii,Gasterosteiformes,Gasterosteidae,Gasterosteus,Gasterosteus aculeatus,AGCAGCGGTTATACGAGAGGCCCAAGTTGATGAATTACGGCGTAAAGAGTGGTTAAGCTAAAATTAAAACTAAAGCCGAACACCCCCAAAGCTGTTATACGCATCCGGAGGTGAGAAGTTCAACCACGAAGGTGGCTTTATCTAACCTGAACCCACGAAAGCTACGGCA,123,3.22563E-05,,,,,,,,,,,
Animalia,Chordata,Actinopterygii,Scorpaeniformes,Cottidae,Cottus,Cottus asper,CACCGCGGTTATACGAGAGGCCCAAGTTGACAAACACCGGCGTAAAGCGTGGTTAAGTTAAAAATCATACTAAAGCCAAACATCTTCAAGACTGTTATACGTAACCGAAGGCAGGAAGTTCAACCACGAAAGTCGCTTTATCTGATCTGAATCCACGAAAGCTAAGGAA,121,3.17318E-05,,,,,,,,,,,
Animalia,Chordata,Actinopterygii,Salmoniformes,Salmonidae,Oncorhynchus,Oncorhynchus tshawytscha,CACCGCGGTTATACGAGAGGCCCTAGTTGATAACTACCGGCGTAAAGAGTGGTTATGGAAAAATATTTAATAAAGCCGAACACCCCCTCAGCCGTCATACGCACCTGGGGGCACGAAGACCTACTGCGAAAGCAGCTTTAATTACACCTGACCCCACGACAGCTAATAAA,120,3.14695E-05,,,,,,,,,,,
Animalia,Chordata,Actinopterygii,Gasterosteiformes,Gasterosteidae,Gasterosteus,Gasterosteus aculeatus,CACCGCGGTTATACGAGAGGCCCAAGTTGATGAATTACGGCGTAAAGAGTGGTTAAGCTAAAATTAAAACTAAAGCCGAACACCCCCAAAGCTGTTATACGCATCCGGAGGTGAGAAGTTCAACCACGAAGGTGGCTTTATCTAACCTGAACTCACGAAAGCTACGGCA,119,3.12073E-05,,,,,,,,,,,
Animalia,Chordata,Mammalia,Rodentia,Castoridae,Castor,Castor canadensis,CACCGTGGTCATACGATAGACCCAAACTAATAAACCCCGGTGTAAAGCGTGTTTAAGAATTTCTGATCCTCAATAAGAATAAACTTTACCTAGGCTGTAAAAAGCTACAGCTAAAGAAAAAATAACTTACGAAAGTAATCTTAGCAAATCTGATAACACGACAGCTAAGACC,117,3.06828E-05,,,,,,,,,,,
Animalia,Chordata,Actinopterygii,Cypriniformes,Catostomidae,Catostomus,Catostomus occidentalis,CACCGCGGTTATACGAGAGGCCCTAGTTGATAGGCATGGCGTAAAGGGTGGTTAAGGGAGTACACAAATAAAGCCGAAGGACCCTCTGGCCGTTATACGCTTCTGGACGCCCAAAGCCCAAATACGAAAGTAGCTTTAATTTAGCCCACCTGACCCCACGAAAACTGAGAAA,116,3.04205E-05,,,,,,,,,,,
Animalia,Chordata,Aves,Passeriformes,Fringillidae,Haemorhous,Haemorhous mexicanus,CACCGCGGTCATACAGGAGACCCAAATTAACATTATAACGGCGTAAAGAGTGGTCACATGCTATCCAAGTAACTAAGATTAAAAAGCAACTGAGCTGTCACAAGCTAAAGATGCCAATAAGGCCTCCTCGTCAAAGAAGATCTTAGAACAACGATTAATTGAACTCCACGAAAGCCAGGGCC,114,2.9896E-05,,,,,,,,,,,
Animalia,Chordata,Actinopterygii,Scorpaeniformes,Cottidae,Cottus,Cottus asper,CACCGCGGTTATACGAGAGACCCAAGTTGACAAACACCGGCGTAAAGCGTGGTTAAGTTAAAAATCATACTAAAGCCAAACATATTCAAGACTGTTATACGTAACCGAAGACAGGAAGTTCAACCACGAAAGTCGCTTTATCTGATCTGAATCCACGAAAGCTAAGAAA,113,2.96338E-05,,,,,,,,,,,
Animalia,Chordata,Actinopterygii,Cypriniformes,Catostomidae,Catostomus,Catostomus occidentalis,CACCGCGGTTATACGAGAGGCCCTAGTTGATAGGCACGGCGTAAAGGGTGGTTAAGGGAGTACACAAATAAGGCCGAAGGACCCTCTGGCCGTTATACGCTTCTGGACGCCCGAAGCCCAAATACGAAAGTAGCTTTAATTTAGCCCACCTGACCCCACGAAAACTGAGAAA,111,2.91093E-05,,,,,,,,,,,
Animalia,Chordata,Actinopterygii,Scorpaeniformes,Cottidae,Cottus,Cottus asper,CACCGCGGTTATACGAGAGACTCAAGTTGACAAACACCGGCGTAAAGCGTGGTTAAGTTAAAAATCATACTAAAGCCAAACATCTTCAAGACTGTTATACGTAACCGAAGACAGGAAGTTCAACCACGAAAGTCGCTTTATCTGATCTGAATCCACGAAAGCTAAGAAA,111,2.91093E-05,,,,,,,,,,,
Animalia,Chordata,Actinopterygii,Cypriniformes,Cyprinidae,Ptychocheilus,Ptychocheilus grandis,CACCGCGGTTAAACGAGAGGCCCTAGTTGATAGTACGACGGCGTAAAGGGTGGTTAAGGAAAGCAAACAATGAAGCCGAATGGCCCTTTGGCTGTCATACGCTTCTAGGTGTCCGAAGCCCAATATACGAAAGTAGCTTTAGAAAGGCCCACCTGACACCACGAAAGCTGAGAAA,109,2.85848E-05,,,,,,,,,,,
Animalia,Chordata,Actinopterygii,Cypriniformes,Cyprinidae,Ptychocheilus,Ptychocheilus grandis,CACCGCGGTTAAACGAGAGGCCCTAGTTGATAGTACGACGGCGTAAAGGGTGGTTAAGGAAAGCAAACAATAAAGCCGAATGGCCCTTTGGCTGTCATACGCTTCTAGGTGTCCGAAGCCCAATATGCGAAAGTAGCTTTAGAAAGGCCCACCTGACACCACGAAAGCTGAGAAA,108,2.83226E-05,,,,,,,,,,,
Animalia,Chordata,Actinopterygii,Cyprinodontiformes,Poeciliidae,Gambusia,Gambusia affinis,CACCGCGGTTATACGAGAGGCCCAAGTTGATAAAATACGGCGTAAAGCGTGGTTAAAAGCCCCCACTAAACTAAGACTAAACCTTTCCAAAGCTGTTATACGCACCCGGAAATATGAAACTCAACTACGAAAGTGGCCTTAATTCCCCCTTGACCCCACGAAAGCTGCGAAA,108,2.83226E-05,,,,,,,,,,,
Animalia,Chordata,Actinopterygii,Scorpaeniformes,Cottidae,Cottus,Cottus asper,AGCAGCGGTAATACGAGAGACCCAAGTTGACAAACACCGGCGTAAAGCGTGGTTAAGTTAAAAATCATACTAAAGCCAAACATCTTCAAGACTGTTATACGTAACCGAAGACAGGAAGTTCAACCACGAAAGTCGCTTTATCTGATCTGAATCCACGAAAGCTAAGAAA,108,2.83226E-05,,,,,,,,,,,
Animalia,Chordata,Actinopterygii,Gasterosteiformes,Gasterosteidae,Gasterosteus,Gasterosteus aculeatus,CAACGCGGTTATACGAGAGGCCCAAGTTGATGAATTACGGCGTAAAGAGTGGTTAAGCTAAAATTAAAACTAAAGCCGAACACCCCCAAAGCTGTTATACGCATCCGGAGGTGAGAAGTTCAACCACGAAGGTGGCTTTATCTAACCTGAACCCACGAAAGCTAAGGCA,105,2.75358E-05,,,,,,,,,,,
Animalia,Chordata,Mammalia,Primates,Hominidae,Homo,Homo sapiens,CACTGTGGCCATACAATGAACCCAAGCTATACAATTAACCCAAGCTAATAGAACTCAGCGTAAAGAGTGTTTAAGATCTGCCCTCAATAAAGCTAAACTCCATTTAAGTTGTAAAAAACTTAGGCTGAAATAAAACATACTACGAATGTGGCTTTAATATCCTGAAGACACGACAGCTAAGATC,105,2.75358E-05,,,,,,,,,,,
Animalia,Chordata,Mammalia,Rodentia,Castoridae,Castor,Castor canadensis,CACCACCGCGGTCATACAATAGACCCAAACTAATAAACTCTGGCCTAAAGCGTGTTTAAGAATTTCTGATCCTCAATAAGGCCATAAAAAGCTACAGCTAAAGAAAAAATAACTTATGAAAGTAATCTTAACAAATCTGATAACACGACAGCTAAGACC,100,2.62246E-05,,,,,,,,,,,
Animalia,Chordata,Actinopterygii,Cypriniformes,Catostomidae,Catostomus,Catostomus occidentalis,CACCGCGGTTATACGAGAGGCCCTAGTTGATAGGCACGGCGTAAAGGGTGGTTAGGGGAGTACACAAATAAAGCCGAAGGACCCTCTGGCCGTTATACGCTTCTGGACGCCCGAAGCCCAAATACGAAAGTAGCTTTAATTTAGCCCACCTGACCCCACGAAAACTGAGAAA,98,2.57001E-05,,,,,,,,,,,
Animalia,Chordata,Actinopterygii,Salmoniformes,Salmonidae,Oncorhynchus,Oncorhynchus mykiss,CACCGCGGTTATACGAGAGGCCCTAGTTGATAACTACCGGCGTAAAGAGTGGTTATGGAAAAATATTTAATAAAGCCGAACACCCCCTCAGCCGTCATACGCACCTGGGAGCACGAAGACCTACTGCGAAAACAGCTTTAACTATGCCTGACCCCACGACAGCTAAGAAA,97,2.54379E-05,,,,,,,,,,,
Animalia,Chordata,Actinopterygii,Gasterosteiformes,Gasterosteidae,Gasterosteus,Gasterosteus aculeatus,CACCGCGGTTATACGAGAGGCCCAAGTTGATGAATTACGGCGTAAAGAGTGGTTAAGCTAAAATTAAAACTAAAGCCGAACACCCCCAAAGCTGTTATACGCATCCGGAGGTGAGAAGTTCAACCACGAAGGTGGCTTTATCTAACCTGAACACACGAAAGCTAAGGCA,95,2.49134E-05,,,,,,,,,,,
Animalia,Chordata,Actinopterygii,Cypriniformes,Catostomidae,Catostomus,Catostomus occidentalis,CACCGCGGTTATACGAGAGGCCCTAGTTGATAGGCACGGCGTAAAGGGTGGTTAAGGGAGTACACAAATAAAGCCGAAGGACCCTCTGGCCGTTATACACTTCTGGACGCCCGAAGCCCAAATACGAAAGTAGCTTTAATTTAGCCCACCTGACCCCACGAAAACTGAGAAA,94,2.46511E-05,,,,,,,,,,,
Animalia,Chordata,Actinopterygii,Gasterosteiformes,Gasterosteidae,Gasterosteus,Gasterosteus aculeatus,AGCAGCGGTTATACGAGAGGCCCAAGTTGATGAATTACGGCGTAAAGAGTGGTTAAGCTAAAATTAAAACTAAAGCCGAACACCCCCAAAGCTGTTATACGCATCCGGAGGTGAGAAGTTCAACCACGAAGGTGGCTTTATCTAACCTGAACCCACGAAAGCTAAGGCA,93,2.43889E-05,,,,,,,,,,,
Animalia,Chordata,Actinopterygii,Perciformes,Centrarchidae,Archoplites,Archoplites interruptus,CACCGCGGTTATACGAGAGGCCCGAGTTGATTAACTCCGGCGTAAAGCGTGGTTAAGATGAACTATAAACTAAAGCCGAATGCCCTCAAAGCTGTTATACGCTCCCGAAGGTAAGAAGCTCAATCACGAAAGTGGCTTTACACCACCTGAACCCACGAAAGCTACGACA,91,2.38644E-05,,,,,,,,,,,
Animalia,Chordata,Actinopterygii,Perciformes,Centrarchidae,Lepomis,Lepomis macrochirus,CACCGCGGTTATACGAGAGGCTCAAGTTGATGAACCCCGGCGTAAAGAGTGGTTAAGGGAGATCAAAACTAAAGCCGAATGCTTTCAAAGCTGTTATACGCTTCCGAAAGTAAGAAGCTCAATCACGAAAGTGGCTTTACTTTACCTGACCCCACGAAAGCTACGACA,91,2.38644E-05,,,,,,,,,,,
Animalia,Chordata,Actinopterygii,Osmeriformes,Osmeridae,Hypomesus,Hypomesus nipponensis,CACCGCGGTTATACGAGTGGCCCAAGTTGAAGGTTGCCGGCGTAAAGAGTGGTTAGGGAATCAACAAACTAAAGCCGAACACCCTCCAGGCTGTTATACGCTCCTGAGGGCACGAAGCCCCACTACGAAAGTGGCTTTAATTCACCTGAACCCACGACAGCTAGGGTA,89,2.33399E-05,,,,,,,,,,,
Animalia,Chordata,Actinopterygii,Salmoniformes,Salmonidae,Oncorhynchus,Oncorhynchus tshawytscha,CACCGCGGTTATACGAGAGGCCCTAGTTGATTACTACCGGCGTAAAGAGTGGTTATGGAAAAATATTTAATAAAGCCGAACACCCCCTCAGCCGTCATACGCACCTGGGGGCACGAAGACCTACTGCGAAAGCAGCTTTAATTACACCTGACCCCACGACAGCTAAGAAA,89,2.33399E-05,,,,,,,,,,,
Animalia,Chordata,Actinopterygii,Cyprinodontiformes,Poeciliidae,Gambusia,Gambusia affinis,AGCCGCGGTAAGACGGAGGATGCAAGTGTTATCCGGAATCACTGGGCGTAAAGCGTGGTTAAAAGCCCCCACTAAACTAAGACTAAACCTTTCCAAAGCTGTTATACGCACCCGGAAATATGAAACTCAACTACGAAAGTGGCCTTAATTTCCCCTTGACCCCACGAAAGCTGCGAAA,88,2.30776E-05,,,,,,,,,,,
Animalia,Chordata,Actinopterygii,Cyprinodontiformes,Poeciliidae,Gambusia,Gambusia affinis,CACCGCGGTTATACGAGAGGCCCAAGTTGATAAAATACGGCGTAAAGCGTGGTTAAAAGCCCCCACTAAACTAAGACTAAACCTTTACAAAGCTGTTATACGCACCCGGAAATATGAAACTCAACTACGAAAGTGGCCTTAATTTCCCCTTGACCCCACGAAAGCTGCGAAA,86,2.25532E-05,,,,,,,,,,,
Animalia,Chordata,Mammalia,Artiodactyla,Cervidae,Odocoileus,Odocoileus hemionus,CACCGCGGTCATACGATTAACCCAAGTTAATAGGCACACGGCGTAAAGCGTGTTTAAGCACTATACCAAATAAAGTTAAATTTTAATTAAGCTGTAAAAAGCCATAATCAAAACGAAAATAGATAACGAAAGTAACTTTACAACCGCTGAAACACGATAGCTAAGATC,85,2.22909E-05,,,,,,,,,,,
Animalia,Chordata,Actinopterygii,Cypriniformes,Cyprinidae,Ptychocheilus,Ptychocheilus grandis,CACCGCGGTTAAACGAGAGGCCCTAGTTGATAGTACGACGGCGTAAAGGGTGGTTAAGGAAAGCAAACAATAAAGCCGAATGGCCCTTTGGCTGTCATACGCTTCTAGGTGTCCGAAGCCCAATATACGAAAGTAGCTTTAGAAAGGCCCACCTGACACCACGAAATCTGAGAAA,84,2.20287E-05,,,,,,,,,,,
Animalia,Chordata,Actinopterygii,Gasterosteiformes,Gasterosteidae,Gasterosteus,Gasterosteus aculeatus,CACCGCGGTTATACGAGAGGCCCAAGTTGATGAATTACGGCGTAAAGAGTGGTTAAGCTAAAATTAAAACTAAAGCCGAACACCCACAAAGCTGTTATACGCATCCGGAGGTGAGAAGTTCAACCACGAAGGTGGCTTTATCTAACCTGAACCCACGAAAGCTAAGGCA,84,2.20287E-05,,,,,,,,,,,
Animalia,Chordata,Actinopterygii,Cypriniformes,Catostomidae,Catostomus,Catostomus occidentalis,CACCGCGGTAATACGAGAGGCCCTAGTTGATAAACATGGCGTAAAGGGTGGTTAAGGGAGTGTAAAAATAAAGCCGAATGACCCTCTGGCCGTTATACGCTTCTAGGCGCCTGAAGCCCAAACACGAAAGTAGCTTTAATTTAGCCCGCCTGACCCCACAAAAACTGAGAAA,83,2.17664E-05,,,,,,,,,,,
Animalia,Chordata,Mammalia,Carnivora,Procyonidae,Procyon,Procyon lotor,CACCGCGGTCACACGATTAACCCAAACTAATAGGCCCACGGCGTAAAACGTGTCAAAAACCTCCACCACTAAAGTTAAAACCTGGCCAGGCCGTAAAAAGCAATTGCCAGCATAAAATAAACTACGAAAGTGACTTTATTACCCTAATTACACGATAGCTAAGGTC,83,2.17664E-05,,,,,,,,,,,
Animalia,Chordata,Mammalia,Rodentia,Castoridae,Castor,Castor canadensis,CACCACAGTCATACGACAAACCCAAACTAATAAACCCTGGCGTAAAGTGTGTTTAAGAATTTCTGATCCTCAATAAGAATAAACTTTACCTAGGCCATAAAAAGCTACAGCTAAAGAAAAAATAACTTACGAAAGTAATCTTAACAAATCTGATAAATGACAGCTAAGACC,81,2.12419E-05,,,,,,,,,,,
Animalia,Chordata,Actinopterygii,Perciformes,Centrarchidae,Micropterus,Micropterus salmoides,AGCAGCGGTTATACGAGAGGCCCAAGTTGACAAACCCCGGCGTAAAGAGTGGTTAAGAAAAATTTAAAACTAAAGCCGAATGCCCTCAAAGCTGTTATACGCACCCGAAGGTAAGAAGCCCAATCACGAAAGTGGCTTTACATTTCCCGAACCCACGAAAGCTATGAAA,78,2.04552E-05,,,,,,,,,,,
Animalia,Chordata,Actinopterygii,Cypriniformes,Catostomidae,Catostomus,Catostomus occidentalis,AGCAGCGGTAATACGAGTGGCCCTAGTTGATAGGCACGGCGTAAAGGGTGGTTAAGGGAGTACACAAATAAAGCCGAAGGACCCTCTGGCCGTTATACGCTTCTGGACGCCCGAAGCCCAAATACGAAAGTAGCTTTAATTTAGCCCACCTGACCCCACGAAAACTGAGAAA,77,2.01929E-05,,,,,,,,,,,
Animalia,Chordata,Actinopterygii,Perciformes,Centrarchidae,Micropterus,Micropterus salmoides,CACCGCGGTTATACGAGAGGCCCAAGTTGACAAACCCCGTCGTAAAGAGTGGTTAAGAAGAATTTAAGACTAAAGCCGAATGCCCTCAAAGCTGTTATACGCATCCGAAGGTAAGAAGTCCAATCACGAAAGTGGCTTTACATTTCCTGAACCCACGAAAGCTATGAAA,73,1.9144E-05,,,,,,,,,,,
Animalia,Chordata,Actinopterygii,Cypriniformes,Catostomidae,Catostomus,Catostomus occidentalis,CACCGCGGTTATACGAGAGGCCCTAGTTGATAGGAACGGCGTAAAGGGTGGTTAAGGGAGTACACAAATAAAGCCGAAGGACCCTCTGGCCGTTATACGCTTCTGGACGCCCGAAGCCCAAATACGAAAGTAGCTTTAATTTAGCCCACCTGACCCCACGAAAACTGAGAAA,72,1.88817E-05,,,,,,,,,,,
Animalia,Chordata,Actinopterygii,Perciformes,Embiotocidae,Hysterocarpus,Hysterocarpus traskii,AGCAGCGGTAATACGAGCGACCCAAGTTGAGAGACAACGGCGTAAAGGGTGGTTAAGGTACTAACAAACTAAAGCCGAAGGCCCTCAGGACTGTTATACGTTTCTGAAGGTAAGAAGTTCTTTTACGAAAGTAGCTTTAATATTCCTGACCCCACGAAAGCTGCGGAA,71,1.86195E-05,,,,,,,,,,,
Animalia,Chordata,Actinopterygii,Gasterosteiformes,Gasterosteidae,Gasterosteus,Gasterosteus aculeatus,CACCGCGGTTATACGAGAGGCCCAAGTTGATGAATTACGGCGTAAAGAGTGGTTAAGCTAAAATTAAAACTAAAGCCGAACACCCCCAAAGCTGTTATACGCATCCGGATGTGAGAAGTTCAACCACGAAGGTGGCTTTATCTAACCTGAACCCACGAAAGCTAAGGCA,68,1.78327E-05,,,,,,,,,,,
Animalia,Chordata,Actinopterygii,Perciformes,Centrarchidae,Micropterus,Micropterus salmoides,AGCCGCGGTTATACGAGAGGCCCAAGTTGACAAACCCCGGCGTAAAGAGTGGTTAAGAAAAATTTAAAACTAAAGCCGAATGCCCTCAAAGCTGTTATACGCACCCGAAGGTAAGAAGCCCAATCACGAAAGTGGCTTTACATTTCCCGAACCCACGAAAGCTATGAAA,68,1.78327E-05,,,,,,,,,,,
Animalia,Chordata,Actinopterygii,Gasterosteiformes,Gasterosteidae,Gasterosteus,Gasterosteus aculeatus,AACCGCGGTTATACGAGAGGCCCAAGTTGATGAATTACGGCGTAAAGAGTGGTTAAGCTAAAATTAAAACTAAAGCCGAACACCCCCAAAGCTGTTATACGCATCCGGAGGTGAGAAGTTCAACCACGAAGGTGGCTTTATCTAACCTGAACCCACGAAAGCTACGGCA,67,1.75705E-05,,,,,,,,,,,
Animalia,Chordata,Actinopterygii,Scorpaeniformes,Scorpaenidae,Sebastes,Sebastes spp.,CACCGCGGCTATACGAGAGACCCAAGTTGATACCATTCGGCGTAAAGAGTGGTTATGGAAAATAAAGACTAAAGCCGCACACCTTCAAAGCTGTTATACGCATCCGAAGGCTAGAAGATCAACCACGAAGGTAGCTTTACAACCCCTGACCCCACGAAAGCTCTGGCA,67,1.75705E-05,,,,,,,,,,,
Animalia,Chordata,Actinopterygii,Cypriniformes,Cyprinidae,Cyprinus,Cyprinus carpio,CACCGCGGTTAGACGAGAGGCCCTAGTTGATATTACAACGGCGTAAAGGGTGGTTAAGTATAAACAAAAATAAAGTCAAATGGCCCCTTGGCCGTCATACGCTTCTAGGAGTCCGAAGCCCTAATACGAAAGTAACTTTAATAAACCCACCTGACCCCACGAAAGCTGAGAAA,66,1.73082E-05,,,,,,,,,,,
Animalia,Chordata,Actinopterygii,Perciformes,Centrarchidae,Lepomis,Lepomis cyanellus,CACCGCGGTTATATGAGAGGCTCAAGTTGATAAACCCCGGCGTAAAGAGTGGTTAAGGAAAAATAGAAACTAAAGCCGAATGCTTTCAAGACTGTTATACGTTCCCGAGAGTAAGAAGACCAATTACGAAAGTGGCTTTACTTTACCTGACCCCACGAAAGCTACGACA,65,1.7046E-05,,,,,,,,,,,
Animalia,Chordata,Mammalia,Rodentia,Sciuridae,Hesperosciurus,Hesperosciurus griseus,CACCGCGGTCATACGATTAACCCTAGTTAATATTTAACGGCGTAAAGAGTGCTAAAACTATTTATTTAAATAAGATTAAAGCCTAATTTAGCTGTAAAAAGCAGTAATTAAAGCGAAAATCAGTGACGAAAGTAATCTTATTATATTGCAGCACTAAAGCTATAGAA,65,1.7046E-05,,,,,,,,,,,
Animalia,Chordata,Actinopterygii,Perciformes,Embiotocidae,Hysterocarpus,Hysterocarpus traskii,CACCGCGGTTATACGAGCGACCCAAGTTGAGAGACAACGGCGTAAAGGGTGGTTAAGGTACTAACAAACTAAAGCCGAAGGCCCTCAGGACTGTTATAAGTTTCTGAAGGTAAGAAGTTCTTTTACGAAAGTAGCTTTAATATTCCTGACCCCACGAAAGCTGCGGAA,64,1.67837E-05,,,,,,,,,,,
Animalia,Chordata,Actinopterygii,Cypriniformes,Catostomidae,Catostomus,Catostomus occidentalis,CACCGCGGTTATACGAGAGGCCCTAGTTGATAGGCACGGCGTAAAGGGTGGTTAAGGGAGTACACAAATAAAGCCGAAGGACACTCTGGCCGTTATACGCTTCTGGACGCCCGAAGCCCAAATACGAAAGTAGCTTTAATTTAGCCCACCTGACCCCACGAAAACTGAGAAA,62,1.62593E-05,,,,,,,,,,,
Animalia,Chordata,Actinopterygii,Perciformes,Embiotocidae,Hysterocarpus,Hysterocarpus traskii,CACCGCGGTTATACGAGCGACCCAAGTTGAGAGACAACGGCGTAAAGGGTGGTTAAGGTACTAACAAACTAAAGCCGAAGGCCCTCGGGACTGTTATACGTTTCTGAAGGTAAGAAGTTCTTTTACGAAAGTAGCTTTAATATTCCTGACCCCACGAAAGCTGCGGAA,62,1.62593E-05,,,,,,,,,,,
Animalia,Chordata,Actinopterygii,Salmoniformes,Salmonidae,Oncorhynchus,Oncorhynchus tshawytscha,CACCGCGGTTATACGAGAGGCCCTAGTTGATAACTACCGGCGTAAAGAGTGGTTATGGAAAAATATTTAATAAAGCCGAACACCCCCTCAGCCGTCATACGCACCTGGGGGCACGAAGACCCACTGCGAAAGCAGCTTTAATTACACCTGACCCCACGACAGCTAAGAAA,62,1.62593E-05,,,,,,,,,,,
Animalia,Chordata,Actinopterygii,Perciformes,Centrarchidae,Micropterus,Micropterus salmoides,CACCGCGGTTATACGAGAGGCCCAAGTTGACAAACCCCGGCGTAAAGAGTGGTTAAGAAAAATTTAAAACTAAAGCCGAATGCCCTCAAAGCTGTTATACGCACCCGAAGGTAAGAAGCCCAATCACGAAAGTGGCTTTACATTTCCCGAACCCACGAAAGCTAGGGTAG,61,1.5997E-05,,,,,,,,,,,
Animalia,Chordata,Actinopterygii,Cyprinodontiformes,Poeciliidae,Gambusia,Gambusia affinis,CACCGCGGTTATACGAGAGGCCCAAGTTGATAAAATACGGCGTAAAGCTTGGTTAAAAGCCCCCACTAAACTAAGACTAAACCTTTCCAAAGCTGTTATACGCACCCGGAAATATGAAACTCAACTACGAAAGTGGCCTTAATTTCCCCTTGACCCCACGAAAGCTGCGAAA,58,1.52103E-05,,,,,,,,,,,
Animalia,Chordata,Actinopterygii,Cypriniformes,Catostomidae,Catostomus,Catostomus occidentalis,CACCGCGGTTATACGAGAGGCCCTAGTTGATAGGCACGGCGTAAAGGGTGATTAAGGGAGTACACAAATAAAGCCGAAGGACCCTCTGGCCGTTATACGCTTCTGGACGCCCGAAGCCCAAATACGAAAGTAGCTTTAATTTAGCCCACCTGACCCCACGAAAACTGAGAAA,57,1.4948E-05,,,,,,,,,,,
Animalia,Chordata,Actinopterygii,Cypriniformes,Catostomidae,Catostomus,Catostomus occidentalis,CACCGCGGTTATACGAGAGGCCCTATTTGATAGGCACGGCGTAAAGGGTGGTTAAGGGAGTACACAAATAAAGCCGAAGGACCCTCTGGCCGTTATACGCTTCTGGACGCCCGAAGCCCAAATACGAAAGTAGCTTTAATTTAGCCCACCTGACCCCACGAAAACTGAGAAA,56,1.46858E-05,,,,,,,,,,,
Animalia,Chordata,Actinopterygii,Gasterosteiformes,Gasterosteidae,Gasterosteus,Gasterosteus aculeatus,CACCGCGGTTATACGAGAGGCCCAAGTTGATGAATTACGGCGTAAAGAGTGTTTAAGCTAAAATTAAAACTAAAGCCGAACACCCCCAAAGCTGTTATACGCATCCGGAGGTGAGAAGTTCAACCACGAAGGTGGCTTTATCTAACCTGAACCCACGAAAGCTACGGCA,56,1.46858E-05,,,,,,,,,,,
Animalia,Chordata,Actinopterygii,Perciformes,Centrarchidae,Micropterus,Micropterus salmoides,AGCAGCGGTAATACGAGAGGCCCAAGTTGACAAACCCCGGCGTAAAGAGTGGTTAAGAAAAATTTAAAACTAAAGCCGAATGCCCTCAAAGCTGTTATACGCACCCGAAGGTAAGAAGCCCAATCACGAAAGTGGCTTTACATTTCCCGAACCCACGAAAGCTATGAAA,56,1.46858E-05,,,,,,,,,,,
Animalia,Chordata,Reptilia,Testudines,Emydidae,Trachemys,Trachemys scripta,CACCGCGGTTACACAAGAAGCCCAAACTAACAGACAACCGGCGTAAAATGTGATTAAAACTTTTAACCCATAAAATTAAGGTGAACTACTTACTTCGCTGTCATACGCAAAAGTATACATTAACACACTATGAAAATAACCTTAATATAAAGGAACTATTTGAACCCACGATCGCTAAAACA,56,1.46858E-05,,,,,,,,,,,
Animalia,Chordata,Mammalia,Rodentia,Sciuridae,Hesperosciurus,Hesperosciurus griseus,CACCGCGGTCATACGATTAACCCTAGTTAATATTTAACGGCGTAAAGAGTGCTAAAACTATTTATTTAAATAAGATTAAAGCCTAGTTTAGCTGTAAAAAGCAGTAATTAAAGCGAAAATCAGTGACGAAAGTAATCTTATTATATTGCAGCACTAAAGCTATAGAA,55,1.44235E-05,,,,,,,,,,,
Animalia,Chordata,Actinopterygii,Salmoniformes,Salmonidae,Oncorhynchus,Oncorhynchus mykiss,CACCGCGGTTATACGAGAGGCCCTAGTTGATAACTACCGGCGTAAAGAGTGGTTATGGAAAAATATTTAATAAAGCCGAACACCCCCTCAGCCGTCATACGCACCCGGGAGCACGAAGACCTACTGCGAAAGCAGCTTTAACTATGCCTGACCCCACGACAGCTAAGAAA,54,1.41613E-05,,,,,,,,,,,
Animalia,Chordata,Actinopterygii,Scorpaeniformes,Cottidae,Cottus,Cottus asper,CACCGCGGTTATACGAGAGACCCAAGTTGACAAACACCGGCGTAAAGCGTGGTTAAGTTAAAAATCATACTAAAGCCAAACATCTTCAAGACTGTTATACGTAACCGAAGACAGGAAGTTCAACCACGAAAGTCGCTTTATCTAATCTGAATCCACGAAAGCTAAGAAA,54,1.41613E-05,,,,,,,,,,,
Animalia,Chordata,Mammalia,Carnivora,Procyonidae,Procyon,Procyon lotor,CACCGCGGTCACACGATTAACCCAAACTAATAGGCCCACGGCGTAAAACGTGTCAAAAACCTCCACCACTAAAGTTAAAACCTGGCCAGGCCGTAAAAAGCAATCGCCAGCATAAAATAAACTACGAAAGTGACTTTATTACCCTAATTACACGATAGCTAAGACC,54,1.41613E-05,,,,,,,,,,,
Animalia,Chordata,Actinopterygii,Perciformes,Centrarchidae,Lepomis,Lepomis cyanellus,CACCGCGGTTATACGAGAGGCTCAAGTTGATAAACCCCGGCGTAAAGAGTGGTTAAGGAAAAATAGAAACTAAAGCCGAATGCTTTCAAGACTGTTATACGTTACCGAGAGTAAGAAGACCAATTACGAAAGTGGCTTTACTTTACCTGACCCCACGAAAGCTACGACA,52,1.36368E-05,,,,,,,,,,,
Animalia,Chordata,Actinopterygii,Salmoniformes,Salmonidae,Oncorhynchus,Oncorhynchus tshawytscha,CACCGCGGTTATACGAGAGGCCCTAGTTGATAACTACCGGCGTAAAGAGTGGTTATGGAAAAATATTTAATAAAGCCGAACACCCCCTCAGCCATCATACGCACCTGGGGGCACGAAGACCTACTGCGAAAGCAGCTTTAATTACACCTGACCCCACGACAGCTAAGAAA,52,1.36368E-05,,,,,,,,,,,
Animalia,Chordata,Actinopterygii,Cypriniformes,Catostomidae,Catostomus,Catostomus occidentalis,CACCGCGGTTATACGAGAGGCCCTAGTTGATAGGCACGGCGTAAAGGGTGGTTAAGGGAGTACACAAATAAAGCCGAAGGACCCTCTGGCCGTTATACGCTTCTGGACGCCCGAAGCCCAAATATGAAAGTAGCTTTAATTTAGCCCACCTGACCCCACGAAAACTGAGAAA,50,1.31123E-05,,,,,,,,,,,
Animalia,Chordata,Actinopterygii,Perciformes,Centrarchidae,Micropterus,Micropterus salmoides,CACCGAGGTTATACGAGAGGCCCAAGTTGACAAACCCCGGCGTAAAGAGTGGTTAAGAAGAATTTAAGACTAAAGCCGAATGCCCTCAAAGCTGTTATACGCATCCGAAGGTAAGAAGTCCAATCACGAAAGTGGCTTTACATTTCCTGAACCCACGAAAGCTATGAAA,50,1.31123E-05,,,,,,,,,,,
Animalia,Mollusca,Gastropoda,Littorinimorpha,Tateidae,Potamopyrgus,Potamopyrgus antipodarum,ATCCGCGGTTAGACCACGAAGTTAAGTTATATTTTAAGGTAAAAGGCAGTTATATTTATAATTAAGTTTTTTAAGTTTATGTTGAGGGGTAAAATCCAAAAACATAAGTTAAAATCTTATAAAACTTACACAATTGACTCTGCGAAAATTTTGAGG,49,1.28501E-05,,,,,,,,,,,
Animalia,Chordata,Actinopterygii,Salmoniformes,Salmonidae,Oncorhynchus,Oncorhynchus tshawytscha,CACCGCGGTTATACGAGAGGCCCTAGTTGATAACTACCGGCGTAAAGAGTGGTTATTGAAAAATATTTAATAAAGCCGAACACCCCCTCAGCCGTCATACGCACCTGGGGGCACGAAGACCTACTGCGAAAGCAGCTTTAATTACACCTGACCCCACGACAGCTAAGAAA,46,1.20633E-05,,,,,,,,,,,
Animalia,Chordata,Actinopterygii,Gasterosteiformes,Gasterosteidae,Gasterosteus,Gasterosteus aculeatus,CACCGTGGTTATACGAGAGGCCCAAGTTGATGAATTACGGCGTAAAGAGTGGTTAAGCTAAAATTAAAACTAAAGCCGAACACCCCCAAAGCTGTTATACGCATCCGGAGGTGAGAAGTTCAACCACGAAGGTGGCTTTATCTAACCTGAACCCACGAAAGCTACGGCA,44,1.15388E-05,,,,,,,,,,,
Animalia,Chordata,Actinopterygii,Osmeriformes,Osmeridae,Hypomesus,Hypomesus transpacificus,CACCGCGGTTATACGAGTGGCCCAAGTTGAAAGTTACCGGCGTAAAGAGTGGTTAGGGAAACAATAAACTAAAGCCGAACACCCTCTAGGCTGTTATACGCTTCTGAGGGCACGAAGCCCCACTACGAAAGTGGCTTTAATTCACCTGAACCCACGACAGCTAAGGCA,44,1.15388E-05,,,,,,,,,,,
Animalia,Chordata,Mammalia,Rodentia,Castoridae,Castor,Castor canadensis,CACCGCGGTCATATGATAGACCCAAACTATTAAACCTTGGTGTAAAGCGTATTTAAGATACTCCTCCCCATAAGAATAAACTCTACCTAGGCCGTAAAAAGCTCCAGCTAGAGAAAAAATAACTTACAAAAGTAATCTTAGCAGATCTGATAACAAGACAGCTAAAACC,44,1.15388E-05,,,,,,,,,,,
Animalia,Chordata,Actinopterygii,Cypriniformes,Catostomidae,Catostomus,Catostomus occidentalis,AGCAGCGGTAATACGAGTGGTCCAAGCGTTATCCGGAATTATTGGGCGTAAAGGGTGGTTAAGGGAGTACACAAATAAAGCCGAAGGACCCTCTGGCCGTTATACGCTTCTGGACGCCCGAAGCCCAAATACGAAAGTAGCTTTAATTTAGCCCACCTGACCCCACGAAAACTGAGAAA,43,1.12766E-05,,,,,,,,,,,
Animalia,Chordata,Actinopterygii,Cypriniformes,Cyprinidae,Carassius,Carassius auratus,CACCGCGGTTAGACGAGAGGCCCTAGTTGATATTACAACGGCGTAAAGGGTGGTTAAGGATAAATAAAAATAAAGTCAAATGGCCCCTTGGCCGTCATACGCTTCTAGGCGTCCGAAGCCCTAATACGAAAGTAACTTTAATGAACCCACCTGAACCCACGAAAGCTGAGGAA,42,1.10143E-05,,,,,,,,,,,
Animalia,Chordata,Actinopterygii,Perciformes,Centrarchidae,Lepomis,Lepomis microlophus,CACCGCGGTTATACGAGAGGCTCAAGTTGATAAACCCCGGCGTAAAGAGTGGTTAAGAAAGACTAGAAACTAAAGACGAATGCTTTCAAAGCTGTTATACGCTCCCGAAAGTAAGAAGATCAATCACGAAAGTGGCTTTACAATCCCCTGACCCCACGAAAGCTATGGCA,40,1.04898E-05,,,,,,,,,,,
Animalia,Chordata,Mammalia,Lagomorpha,Leporidae,Lepas,Lepas californicus,CACCGCGGTCATACGATTAACCCAAACTAATAAACATCGGCGTAAAGCGTGATTAGAACAAAAAAACAAAAAAAATAAAATCAAATAACAACTAAGCTGTAAAAAGTAATAGTTGTAAACAAAAATAAACAACGAAAGTGATTTTATAGTCTTCGAACTCACGATAGCTAAGACC,38,9.96535E-06,,,,,,,,,,,
Animalia,Chordata,Actinopterygii,Perciformes,Centrarchidae,Micropterus,Micropterus salmoides,CACCGCGGTTATACGAGAGGCCCAAGTTGACAAACCCCGGCGTAAAGAATGGTTAAGAAAAATTTAAAACTAAAGCCGAATGCCCTCAAAGCTGTTATACGCACCCGAAGGTAAGAAGCCCAATCACGAAAGTGGCTTTACATTTCCCGAACCCACGAAAGCTATGAAA,37,9.7031E-06,,,,,,,,,,,
Animalia,Chordata,Actinopterygii,Salmoniformes,Salmonidae,Oncorhynchus,Oncorhynchus mykiss,AGCAGCGGTAATACGAGAGGCCCTAGTTGATAACTACCGGCGTAAAGAGTGGTTATGGAAAAATATTTAATAAAGCCGAACACCCCCTCAGCCGTCATACGCACCTGGGAGCACGAAGACCTACTGCGAAAGCAGCTTTAACTATGCCTGACCCCACGACAGCTAAGAAA,36,9.44085E-06,,,,,,,,,,,
Prokaryota,Prokaryota,Prokaryota,Prokaryota,Prokaryota,Prokaryota,Prokaryota,ACCCAAAGGAGAACCCAACGAACCTTTACAAGCTTTAATTTTTGATTCTACTTTCAACTCCTATCGTGGGATTGAAGTAATCTTCCGTGTTTATAATGGCGAAATCAAGAAAGGAGATCGCGTAAAATTCATGAACACGGGCAAGGAATATTTTGCAGATGAAATTGG,36,9.44085E-06,,,,,,,,,,,
Animalia,Chordata,Actinopterygii,Gasterosteiformes,Gasterosteidae,Gasterosteus,Gasterosteus aculeatus,CACCGCGGTTATACGAGAGGCCCAAGTTGATGAATTACGGCGTAAAGAGTGGTTAAGCTAAAATTAAAACTAAAGCCGAACACCCCCAAAGCTGTTATACGCATCCGGAGGTGAGAAGTTCAACCACGAAGGTGGCTTTATCTAACCTGAACCCACGAAAGCTAGGGTAG,34,8.91636E-06,,,,,,,,,,,
Animalia,Chordata,Actinopterygii,Scorpaeniformes,Scorpaenidae,Sebastes,Sebastes spp.,CACCGCGGCTATACGAGAGACCCAAGTTGATACCATTCGGCGTAAAGAGTGGTTATGGAAAATAAAGACTAAAGCCGCACACCTTCAAAGCTGTTATACGCATCCGAAGGCTAGAAGACCAACCACGAAGGTAGCTTTACAACCCCTGACCCCACGAAAGCTCTGGCA,32,8.39187E-06,,,,,,,,,,,
Animalia,Chordata,Actinopterygii,Perciformes,Centrarchidae,Micropterus,Micropterus salmoides,AGCCGCGGTAAGACGGAGGATGCAAGTGTTATCCGGAATCACTGGGCGTAAAGCGTGGTTAAGAAAAATTTAAAACTAAAGCCGAATGCCCTCAAAGCTGTTATACGCACCCGAAGGTAAGAAGCCCAATCACGAAAGTGGCTTTACATTTCCCGAACCCACGAAAGCTATGAAA,30,7.86738E-06,,,,,,,,,,,
Animalia,Chordata,Aves,Anseriformes,Anatidae,Aix,Aix sponsa,CACCGCGGTCATACAAGAGACCCAAATCAACTGTCCCACAAAGCGGCGTAAAGAGTGGTAATAGTACCTATCCTACTTAACTAAGATCAAAATGCAACCAAGCTGTCACAAGCACAAGATGCACCTAAACACACCATCAAGATGATCTTAGGAACTAGCGACTGATTTGAATCCACGAAAGCCAGGGCC,30,7.86738E-06,,,,,,,,,,,
Animalia,Chordata,Mammalia,Didelphimorphia,Didelphidae,Didelphis,Didelphis virginiana,CACCGCGGTCATACGATTAACCCAAATTAATAAATAACGGCGTAAAGAGTGTTTAAGTTATATACAAAAATAAAGTTAATAATTAACTAAACTGTAGCACGTTCTAGTTAATATTAAAATACATAATAAAAATGACTTTAATATCACCGACTACACGAAAACTAAGACA,30,7.86738E-06,,,,,,,,,,,
Animalia,Chordata,Actinopterygii,Gasterosteiformes,Gasterosteidae,Gasterosteus,Gasterosteus aculeatus,AGCAGCGGTAATACGAGTGGCCCAAGTTGATGAATTACGGCGTAAAGAGTGGTTAAGCTAAAATTAAAACTAAAGCCGAACACCCCCAAAGCTGTTATACGCATCCGGAGGTGAGAAGTTCAACCACGAAGGTGGCTTTATCTAACCTGAACCCACGAAAGCTACGGCA,29,7.60513E-06,,,,,,,,,,,
Animalia,Chordata,Mammalia,Rodentia,Sciuridae,Hesperosciurus,Hesperosciurus griseus,CACCGCGGTCATACGATTAACCCTAGCTAATAAAACACGGCGTAAAGCGTGATTAAGAGATTAATTAGTTAAATAAGATTAAAATATTATTAAACTGTAAAAAGTCTTGATAATAATGAAAATCTAATGCGAAAGTAATCTTAATTCATCTGAATTCACGATAGCTAAGGCC,28,7.34289E-06,,,,,,,,,,,
Animalia,Chordata,Actinopterygii,Salmoniformes,Salmonidae,Oncorhynchus,Oncorhynchus mykiss,CACCGCGGTTATACGAGAGGCCCTAGTTGATAACTACCGGCGTAAAGAGTGGTTATGGAAAAATATTTAATAAAGCCGAACACCACCTCAGCCGTCATACGCACCTGGGAGCACGAAGACCTACTGCGAAAGCAGCTTTAACTATGCCTGACCCCACGACAGCTAAGAAA,27,7.08064E-06,,,,,,,,,,,
Animalia,Chordata,Aves,Passeriformes,Fringillidae,Haemorhous,Haemorhous mexicanus,CACCGCGGTCATACAGGAGACCCAAATCAACATTACAACGGCGTAAAGAGTGGTCACATGCTATCCAAGTAGCTAAGATTAAAAAGCAACTGAGCTGTCGCAAGCCCAAGATGCTGATAAGGCCTCCACTTAAAGAAGATCTTAGACAAACGATTGATTGAACTCCACGAAAGCCAGGGCC,27,7.08064E-06,,,,,,,,,,,
Animalia,Chordata,Actinopterygii,Scorpaeniformes,Cottidae,Cottus,Cottus asper,CACCGCGGTTATACGAGAGACCCAAGTTGACAAACACCGGCGTAAAGCGTGGTTAAGTTAAAAATCATACTAAAGCCAAACATCTTCAAGACTGTTATACGTAAACGAAGACAGGAAGTTCAACCACGAAAGTCGCTTTATCTGATCTGAATCCACGAAAGCTAAGGAA,26,6.8184E-06,,,,,,,,,,,
Animalia,Chordata,Mammalia,Rodentia,Sciuridae,Hesperosciurus,Hesperosciurus griseus,CACCGCGGTCATACGATTAACCCTAGTTAATAAAGCACGGCGTAAAGCGTGATAAAGGAATAATCTAAAGATAAGATTAAGCTCTAACTAAGCTGTAAAAAGCCTTAGTTAAAATAAAAATATAAAACGAAAGTGGTCTTATAACTCCTGACTTCACGATAGCTAAGGCC,26,6.8184E-06,,,,,,,,,,,
Animalia,Chordata,Mammalia,Chiroptera,Vespertilionidae,Myotis,Myotis yumanensis(?),CACCGCGGTCATACGATTAGGCCAAACTAATAGATACTCGGCGTAAAGCGTGTTCTAGAGATTAAACATTAAATAAAATCAAGCCTTAACTAAGCTGTAAAAAGCCTCAGATACTGTAAGATACATAACGAAAGTGATTTTAAAAAATCTGATTACACGATAGCTAAGATC,25,6.55615E-06,,,,,,,,,,,
Animalia,Chordata,Actinopterygii,Gasterosteiformes,Gasterosteidae,Gasterosteus,Gasterosteus aculeatus,AGCAGCGGTAATACGAGTGGTCCAAGCGTTATCCGGAATTATTGGGCGTAAAGAGTGGTTAAGCTAAAATTAAAACTAAAGCCGAACACCCCCAAAGCTGTTATACGCATCCGGAGGTGAGAAGTTCAACCACGAAGGTGGCTTTATCTAACCTGAACCCACGAAAGCTAAGGCA,24,6.2939E-06,,,,,,,,,,,
Animalia,Chordata,Mammalia,Primates,Hominidae,Homo,Homo sapiens,CACCGCGGTCACACGATTAACCCAAGTCAATAGAAACCGGCATAAAGAGTGTTTTAGATCAATTCCCCTCAATAAAGCTAAAATTCACGTGAGTTGTAAAAAACTCCAGTTGATACAAAATAAACTACGAAAGTGGCTTTAATGCATCTGAACACAGAATAACTAAGACC,24,6.2939E-06,,,,,,,,,,,
Animalia,Chordata,Reptilia,Testudines,Emydidae,Trachemys,Trachemys scripta,CACCGCGGTTACACAAGAGGCCCAAATTAACAGACAAACGGCGTAAAATGTGATTAAAACTTTTTAACCCATAAAATTAAGGTGAACTACTTACTTAGCTGTCATACGCAAAAGTATATATTAACACATTATGAAAATAACCTTAATATTAACGGAACTATTTGAACCCACGATCGCTAAGACA,24,6.2939E-06,,,,,,,,,,,
Animalia,Chordata,Actinopterygii,Scorpaeniformes,Scorpaenidae,Sebastes,Sebastes spp.,CACCGCGGCTATACGAGAGACCCAAGTTGATACCATTCGGCGTAAAGAGTGGTTATGGAAAATAAATACTAAAGCCGCACACCTTCAAAGCTGTTATACGCATCCGAAGGTTAGAAGACCAACCACGAAGGTAGCTTTACAACCCCTGACCCCACGAAAGCTCTGGCA,23,6.03166E-06,,,,,,,,,,,
Animalia,Chordata,Mammalia,Carnivora,Canidae,Canis,Canis latrans,CACCGCGGTCATACGATTAACCCAAACTAATAGGCCTACGGCGTAAAGCGTGTTTAAGATACCTTTGCACTAAAGTTAAAACTTAACTAAGCCGTAAAAAGCTACAGTTACCATAAAATAAACCACGAAAGTGACTTTATAATAATCTGACTACACGATAGCTAAGACC,22,5.76941E-06,,,,,,,,,,,
Animalia,Chordata,Actinopterygii,Cypriniformes,Cyprinidae,Cyprinus,Cyprinus carpio,AGCCGCGGTAAGACGGAGGATGCAAGTGTTATCCGGAATCACTGGGCGTAAAGGGTGGTTAAGGATAAACAAAAATAAAGTCAAATGGCCCCTTGGCCGTCATACGCTTCTAGGAGTCCGAAGCCCTAATACGAAAGTAACTTTAATAAACCCACCTGACCCCACGAAAGCTGAGAAA,21,5.50717E-06,,,,,,,,,,,
Animalia,Chordata,Actinopterygii,Gasterosteiformes,Gasterosteidae,Gasterosteus,Gasterosteus aculeatus,AGCAGCGGTAATACGAGTGGCCCAAGTTGATGAATTACGGCGTAAAGAGTGGTTAAGCTAAAATTAAAACTAAAGCCGAACACCCCCAAAGCTGTTATACGCATCCGGAGGTGAGAAGTTCAACCACGAAGGTGGCTTTATCTAACCTGAACCCACGAAAGCTAAGGCA,20,5.24492E-06,,,,,,,,,,,
Animalia,Chordata,Actinopterygii,Gasterosteiformes,Gasterosteidae,Gasterosteus,Gasterosteus aculeatus,CACCGCGGTTATACGAGAGGCCAAAGTTGATGAATTACGACGTAAAGAGTGGTTAAGCTAAAATTAAAACTAAAGCCGAACACCCCCAAAGCTGTTATACGCATCCGGAGGTGAGAAGTTCAACCACGAAGGTGGCTTTATCTAACCTGAACCCACGAAAGCTACGGCA,20,5.24492E-06,,,,,,,,,,,
Animalia,Chordata,Mammalia,Carnivora,Felidae,Felis,Fellis catus,CACCGCGGTCATACGATTAGCCCAAACTAATAGACCCACGGCGTAAAGCGTGTTACAGAGAAAAAAATATACTAAAGTTAAATTTTAACTAGGCCGTAGAAAGCTAGAGTTAACATAAAAATACAGCACGAAAGTAACTTTAACACCTCCGACTACACGACAGCTAAGACC,19,4.98267E-06,,,,,,,,,,,
Animalia,Chordata,Mammalia,Carnivora,Procyonidae,Procyon,Procyon lotor,CACTGTGGTCACACAATTAACCCAAACTAACAGGCCCATGGCGTAAAACATGTTAAAGAAATACTTAGCACTAAAGTTAAAACCTGGCCAGGTCATAAAAAGCTACTGCCAGTACAAAATACACTACGAAAGTGACTTTATTACTTCTGATCACATGATAGTTAATACC,19,4.98267E-06,,,,,,,,,,,
Animalia,Chordata,Actinopterygii,Perciformes,Centrarchidae,Micropterus,Micropterus salmoides,AGCAGCGGTAATACGAGTGGCCCAAGTTGACAAACCCCGGCGTAAAGAGTGGTTAAGAAGAATTTAAGACTAAAGCCGAATGCCCTCAAAGCTGTTATACGCATCCGAAGGTAAGAAGTCCAATCACGAAAGTGGCTTTACATTTCCTGAACCCACGAAAGCTATGAAA,18,4.72043E-06,,,,,,,,,,,
Animalia,Chordata,Mammalia,Rodentia,Castoridae,Castor,Castor canadensis,CACCGCGGTCATACAATAGACCCAAACTAATAAACCCTGGCGTAAAGCATGTTTAAGGACTTCTAATCCTCAATAAGAATAAACTTTACCTAGGTCGTAAAAAGCTACAGCTAAAGAAAAAATAACTTATGAAAGTAATCTTAACAAATCTGATAACACGACAGCTAAGACC,18,4.72043E-06,,,,,,,,,,,
Animalia,Chordata,Mammalia,Rodentia,Castoridae,Castor,Castor canadensis,CACCGCGGTCACACGATAGACCCAAACTAATGAACCTCGGCGTAAAGCGTGTTTAAGAATTTCTGATCCCCAATAAGAATAAACTTTACCTAGGCCGTAAAAAGCTACAGCTAGAGAAAAAATAACTTACGAAAGTAATCTTAACAAATCTGATAACATGACAGCTAAGACC,17,4.45818E-06,,,,,,,,,,,
Animalia,Chordata,Actinopterygii,Perciformes,Centrarchidae,Lepomis,Lepomis macrochirus,CACCGCGGTTATACGAGAGGCTCAAGTTGATGAACCCCGGCGTAAAGAGTGGTTAAGAGAGATCAAAACTAAAGCCGAATGCTTTCAAAGCTGTTATACGCTTCCGAAAGTAAGAAGCCCAATCACGAAAGTGGCTTTACTTTACCTGACCCCACGAAAGCTAGGGTAG,16,4.19594E-06,,,,,,,,,,,
Animalia,Chordata,Actinopterygii,Perciformes,Gobionellinae,Tridentiger,Tridentiger bifasciatus,CACCGCGGTTATACGGGAGACCCAAGTTGACAAACGTCGGCGTAAAACGTGGTTTATTACATTATTACACTAAAGCTAAACCTCTTCAAGACTGTTGTACGTGTTCGAAAGAGAGAGAATCTTCTACGAAAGTGGCTTTAAATACTATGAACCCACGAAAGCTAGGAAA,16,4.19594E-06,,,,,,,,,,,
Animalia,Chordata,Aves,Anseriformes,Anatidae,Anatidae sp.,Anatidae sp.,CACCGTGGTCATACAAGAGACCCAAATCAACTGTCCCACATGAACGGCGTAAAGAGTGGTAAAATGCCTATCCTACCCAACTAAAATCAAAATGCAACTAAGCTGTCGCAAGCACAAGATGCACCTAAACACACCATCAAGATGATCTTAGAGACTAGCGATTAATTTAAACCCACGAAAGCCAGGGCC,16,4.19594E-06,,,,,,,,,,,
Animalia,Chordata,Mammalia,Rodentia,Castoridae,Castor,Castor canadensis,CACCGCGGTCACACGATAGACCCAAACTAATAAACCCCGGCATAAAGCTTGTTTAAGAATTTCTAATCCTCAATAAGAATAAACTTTACCTAGGCCGTAAAAAGTTACAGCTAGAGAAAAAATAACTTACGAAAGTAATCTTAACAAATCTGATAACACGACAGCTAAGACC,16,4.19594E-06,,,,,,,,,,,
Animalia,Chordata,Actinopterygii,Gasterosteiformes,Gasterosteidae,Gasterosteus,Gasterosteus aculeatus,AGCAGCGGTAATACGAGTGGTCCAAGCGTTATCCGGAATTATTGGGCGTAAAGGGTGGTTAAGCTAAAATTAAAACTAAAGCCGAACACCCCCAAAGCTGTTATACGCATCCGGAGGTGAGAAGTTCAACCACGAAGGTGGCTTTATCTAACCTGAACCCACGAAAGCTACGGCA,15,3.93369E-06,,,,,,,,,,,
Animalia,Chordata,Actinopterygii,Perciformes,Centrarchidae,Lepomis,Lepomis microlophus,CACCGCGGTTATACGAGAGGCTCAAGTTGATAAACCCCGGCGTAAAGAGTGGTTAAGAAAGACTAGAAACTAAAGCCGAATGCTTTCAAAGCTGTTATACGCTCCCGAAAGTAAGAAGATCAATCACGAAAGTGGCTTTACAATCCCCTGACCCCACGAAAGCTAGGGTAG,15,3.93369E-06,,,,,,,,,,,
Animalia,Chordata,Actinopterygii,Perciformes,Embiotocidae,Hysterocarpus,Hysterocarpus traskii,AGCAGCGGTAATACGAGTGGTCCAAGCGTTATCCGGAATTATTGGGCGTAAAGGGTGGTTAAGGTACTAACAAACTAAAGCCGAAGGCCCTCAGGACTGTTATACGTTTCTGAAGGTAAGAAGTTCTTTTACGAAAGTAGCTTTAATATTCCTGACCCCACGAAAGCTGCGGAA,15,3.93369E-06,,,,,,,,,,,
Animalia,Chordata,Actinopterygii,Cypriniformes,Catostomidae,Catostomus,Catostomus occidentalis,AGCAGCGGTAATACGAGTGCTCCAAGCGTTATCCGGAATTATTGGGCGTAAAGGGTGGTTAAGGGAGTACACAAATAAAGCCGAAGGACCCTCTGGCCGTTATACGCTTCTGGACGCCCGAAGCCCAAATACGAAAGTAGCTTTAATTTAGCCCACCTGACCCCACGAAAACTGAGAAA,14,3.67144E-06,,,,,,,,,,,
Prokaryota,Prokaryota,Prokaryota,Prokaryota,Prokaryota,Prokaryota,Prokaryota,CCAAACCGTCCAGAGTGAAGACTTGTCCACCGGCTTCCCGGATCAAGAGCACACCCGCTGCGGCATCCCAGCTGCCCATGTCATGTGACCAAAACACATCGACTCTGCCAGCCGCCAAGTAAGCCAGTTCTAGCGCCATGCTGCCCGAGCGTCGGACTCCGGCCACTGTGGAGACGGCCCGCT,14,3.67144E-06,,,,,,,,,,,
Animalia,Chordata,Actinopterygii,Cypriniformes,Catostomidae,Catostomus,Catostomus occidentalis,AGCAGCGGTAATACGAGTGCCCCAAGCGTTATCCGGAATTATTGGGCGTAAAGGGTGGTTAAGGGAGTACACAAATAAAGCCGAAGGACCCTCTGGCCGTTATACGCTTCTGGACGCCCGAAGCCCAAATACGAAAGTAGCTTTAATTTAGCCCACCTGACCCCACGAAAACTGAGAAA,13,3.4092E-06,,,,,,,,,,,
Animalia,Chordata,Actinopterygii,Perciformes,Centrarchidae,Micropterus,Micropterus salmoides,AGCAGCGGTAATACGAGTGGCCCAAGTTGACAAACCCCGGCGTAAAGAGTGGTTAAGAAAAATTTAAAACTAAAGCCGAATGCCCTCAAAGCTGTTATACGCACCCGAAGGTAAGAAGCCCAATCACGAAAGTGGCTTTACATTTCCCGAACCCACGAAAGCTATGAAA,13,3.4092E-06,,,,,,,,,,,
Animalia,Chordata,Actinopterygii,Scorpaeniformes,Cottidae,Cottus,Cottus asper,AGCCGCGGTAAGACGGAGGATGCAAGTGTTATCCGGAATCACTGGGCGTAAAGCGTGGTTAAGTTAAAAATCATACTAAAGCCAAACATCTTCAAGACTGTTATACGTAACCGAAGACAGGAAGTTCAACCACGAAAGTCGCTTTATCTGATCTGAATCCACGAAAGCTAAGAAA,12,3.14695E-06,,,,,,,,,,,
Animalia,Chordata,Actinopterygii,Cypriniformes,Catostomidae,Catostomus,Catostomus occidentalis,CACCGTGGTAATACGAGAGGCCCTAGTTGATAAACATGGCATAAAGGGTGGTTAAGGGAGTGTAAAAATAAAGCCGAATGACCCTCTGGCCGTTATACGCTTCTAGGCGCCTGAAGCTCAAACACGAAAGTAACTTTAATTTAGCCCGCCTGACCCCACAAAAACTGAGAAA,11,2.88471E-06,,,,,,,,,,,
Animalia,Chordata,Mammalia,Primates,Hominidae,Homo,Homo sapiens,CACCACACGATTAACCCGAGCTAATGGAACTCAGCGTAAAGAGTGTTTAAGGTCTGCCCTCAATAAAGTTAAAGCCCATCTAAGTTGTAAAAAACTCCAGCTGAAATAAAATGTACTACAAAAGTAGCTTTAATACCCTGAAGACACAATAGCTAAGACC,11,2.88471E-06,,,,,,,,,,,
Animalia,Chordata,Actinopterygii,Perciformes,Centrarchidae,Micropterus,Micropterus salmoides,AGCCGCGGTAAGACGGAGGATGCAAGTGTTATCCGGAATTACTGGGCGTAAAGCGTGGTTAAGAAAAATTTAAAACTAAAGCCGAATGCCCTCAAAGCTGTTATACGCACCCGAAGGTAAGAAGCCCAATCACGAAAGTGGCTTTACATTTCCCGAACCCACGAAAGCTATGAAA,10,2.62246E-06,,,,,,,,,,,
Animalia,Chordata,Actinopterygii,Cypriniformes,Cyprinidae,Ptychocheilus,Ptychocheilus grandis,AGCCGCGGTAAGACGGAGGATGCAAGCGTTATCCGGAATGATTGGGCGTAAAGGGTGGTTAAGGAAAGCAAACAATAAAGCCGAATGGCCCTTTGGCTGTCATACGCTTCTAGGTGTCCGAAGCCCAATATACGAAAGTAGCTTTAGAAAGGCCCACCTGACACCACGAAAGCTGAGAAA,8,2.09797E-06,,,,,,,,,,,
Animalia,Chordata,Mammalia,Rodentia,Castoridae,Castor,Castor canadensis,CCCCGCGGTCGTACGATAGACCCAAACTAATAAACCTCGGCCTAAAGCATGTTTAAGAATTTCTGATCCCCAATAAGAATAAACTTTACCTAGGCCGTAAAAAGCTACAGCTAGAGAAAAAATAATGTACGAAAGTAATCTTAACAAATCTGATAACACGACAGCTAAGACC,8,2.09797E-06,,,,,,,,,,,
Animalia,Chordata,Mammalia,Rodentia,Cricetidae,Ondatra,Ondatra zibethicus,CACCGCGGTCATACGATTAACCCAAACTAATTATTCTCGGCGTAAAACGTGTTACTAGGATTCCACAAAATAGAATTGAAACCCATCCAATATGTGAAAATTCATCGCTGGACCTAAAACCAATGACGAAAGTAATTCTAATAAACCTAATACACGATAGCTAAGATC,8,2.09797E-06,,,,,,,,,,,
Animalia,Chordata,Actinopterygii,Cypriniformes,Catostomidae,Catostomus,Catostomus occidentalis,AGCCGCGGTAATACGGAGGATGCAAGCGTTATCCGGAATGATTGGGCGTAAAGGGTGGTTAAGGGAGTACACAAATAAAGCCGAAGGACCCTCTGGCCGTTATACGCTTCTGGACGCCCGAAGCCCAAATACGAAAGTAGCTTTAATTTAGCCCACCTGACCCCACGAAAACTGAGAAA,6,1.57348E-06,,,,,,,,,,,
Animalia,Chordata,Actinopterygii,Cyprinodontiformes,Poeciliidae,Gambusia,Gambusia affinis,AGCCGCGGTAAGACGGAGGATGCAAGTGTTATCCGGAATTACTGGGCGTAAAGCGTGGTTAAAAGCCCCCACTAAACTAAGACTAAACCTTTCCAAAGCTGTTATACGCACCCGGAAATATGAAACTCAACTACGAAAGTGGCCTTAATTTCCCCTTGACCCCACGAAAGCTGCGAAA,5,1.31123E-06,,,,,,,,,,,
Animalia,Chordata,Actinopterygii,Petromyzontiformes,Petromyzontidae,Petromyzontidae sp.,Petromyzontidae sp.,CACCGCGGTTATACGAGGAGCTCAAGCTGATATCTCCGGCACAAAGCGTGATTAAAATACTAGCTTAATTAATACTATAGAAGCCATCATGCCTGCTAGTTGAATAGGTATGCCTAAATATCTCAACATCGAAAGAATCTATACTAATAAACTCACTTTGACATCACGAAAGCAAAACTCA,5,1.31123E-06,,,,,,,,,,,
Prokaryota,Prokaryota,Prokaryota,Prokaryota,Prokaryota,Prokaryota,Prokaryota?,AGCCGCGGTAATACGAGAGGGGCAAGCGTGAGTCATAAGTATTAGGCGTAAAGTGTTAATAGGCGGAAACTAGAGTAAATAGAGGTTAATAGAATAAATAATGTAAGAATGAAATCTAATAATATTATTTGGAATATCATGCGAAGGCAATTAACTGACCATTACTGACGCTGAATAACGATAGTGTGGGTAG,5,1.31123E-06,bacteria,,,,,,,,,,
Animalia,Chordata,Mammalia,Eulipotyphla,Talpidae,Scapanus,Scapanus latimanus,CACCGCGGTCATACGATGAACCCAAGTTAATAGACATACGGCGTAAAGAGTGTTAAAGAATACATACCCAAATAAAGCCAAGACTTGACTAAGATGTAAAAACCTCCAGTCAAAGTAAAAATAAACTACGAAAGTGGCTTTAATAACATTCTGATCACACGATAGCTAAGACC,4,1.04898E-06,,,,,,,,,,,
Animalia,Chordata,Mammalia,Primates,Hominidae,Homo,Homo sapiens,CACCGCGGTCACACGATTAACCCAAGTTAATAGAAGCCGGCGTAAAGAGTGTTTTAGATCACCCCCTCCCCAATAAAGCTAAAACTCACCTGAGTTGTAAAAAACTCCAGTTGACACAAAATAGACTACGAAAGTGGCTTTAACATATCTGAACACACAATAGCTAAGACC,4,1.04898E-06,,,,,,,,,,,
Animalia,Chordata,Mammalia,Rodentia,Cricetidae,Ondatra,Ondatra zibethicus,CACCGCGGTCATACGATTAACCCAAACTAATTATTCTCGGCGTAAAACGTGTTACTAGGAAACCAAAAATAGAATTAAAAACCATCCAATATGTGAAAATTCATCGCTAGACCTAAAACCAATGACGAAAGTAATTCTAAAATTCTTGACACACGATAGCTAAGATC,4,1.04898E-06,,,,,,,,,,,
Animalia,Chordata,Mammalia,Rodentia,Rodentia,Rodentia,Rodentia?,CACTGCAGTCATATGATAGACCCAAACTAATAAACCTTGGCGTAAAGCATGTTTAAGATACCTCTCCCCATAAGAATAAACTCTATCTAGGCCGTAAAGACCTACAGCTAGAGAAAAAATAATTTACAAAAGTAATCTTAGCAGATTTGACACCACGACAGCTAAGACC,4,1.04898E-06,"83% similar to Castor fiber, European beaver (Rodentia)",,,,,,,,,,
Animalia,Chordata,Actinopterygii,Cypriniformes,Cyprinidae,Pogonichthys,Pogonichthys macrolepidotus,CACCGCGGTTAAACGAGAGGCCCCAGTTGATAATACAACGGCGTAAAGGGTGGTTAAGGAAAGTGAAACAATAAAGCCGAATGGCCCTTTGGCTGTCATACGCTTCTAGGAGTCCGAAGTCCAATATACGAAAGTAGCTTTAGAGAAGCCCACCTGACCCCACGAAAGCTGAGAAA,3,7.86738E-07,,,,,,,,,,,
Animalia,Chordata,Mammalia,Carnivora,Mustelidae,Lontra,Lontra canadensis,CACCGCGGTCATACGATTAACCCAAATCAATGGGCCAACGGCGTAAAACGTGTTAAGGACTATACAACACTAAAGTTAAAATTCAACCAGGCCGTAAAAAGCTACTGTTAATACAAAACAAACCACGAAAGTGACTTTACCACTTCCGACAACACGATAGCTGAGATC,2,5.24492E-07,,,,,,,,,,,
Animalia,Chordata,Mammalia,Rodentia,Cricetidae,Ondatra,Ondatra zibethicus,CACCGCGGTCATACGATTAACCCAAACTAATTATTCTCGGCGTAAAACGTGTTACTAGGAAACCAAAAATAGAATTAAAAACCATCCAATATGTGAAAATTCATCGCTGGACCTAAAACCAATGACGAAAGTAATTCTAAAATTCTTGACACACGATAGCTAAGATC,2,5.24492E-07,,,,,,,,,,,
Prokaryota,Prokaryota,Prokaryota,Prokaryota,Prokaryota,Prokaryota,Prokaryota Prokaryota,CACCGCGGTTATACGAGAGGCTCAACTTCAAAATCGCAGTCGAAACTATTAGACTAGAGTATAGTAGGGGTAAAGGGAATTTCCAGTGGAGCGGTGAAATGCGTAGATATTGGAAAGAACACCGATGGCGAAAGCACTTTACTGGGCTATTACTAACACTCAGAGACGAAAGCTAGGGTAG,2,5.24492E-07,,,,,,,,,,,