,Ptychocheilus grandis,Catostomus occidentalis,Micropterus salmoides,Lepomis macrochirus,Gasterosteus aculeatus,Cottus asper,Cyprinus carpio,Lepomis microlophus,Gambusia affinis,Hysterocarpus traskii,Oncorhynchus mykiss,Oncorhynchus tshawytscha,Lepomis cyanellus,Orthodon microlepidotus,Carassius auratus,Menidia audens complex,Percina macrolepida,Notemigonus crysoleucas,Micropterus dolomieu,Oncorhynchus nerka,Pomoxis nigromaculatus,Pimephales promelas,Lepomis gulosus,Ameiurus catus,Ameiurus nebulosus,Alosa sapidissima,Lavinia exilicauda,Dorosoma petenense,Pogonichthys macrolepidotus,Ameiurus melas,,,,,,,,,,,
,CACCGCGGTTAAACGAGAGGCCCTAGTTGATAGTACGACGGCGTAAAGGGTGGTTAAGGAAAGCAAACAATAAAGCCGAATGGCCCTTTGGCTGTCATACGCTTCTAGGTGTCCGAAGCCCAATATACGAAAGTAGCTTTAGAAAGGCCCACCTGACACCACGAAAGCTGAGAAA,CACCGCGGTTATACGAGAGGCCCTAGTTGATAGGCACGGCGTAAAGGGTGGTTAAGGGAGTACACAAATAAAGCCGAAGGACCCTCTGGCCGTTATACGCTTCTGGACGCCCGAAGCCCAAATACGAAAGTAGCTTTAATTTAGCCCACCTGACCCCACGAAAACTGAGAAA,CACCGCGGTTATACGAGAGGCCCAAGTTGACAAACCCCGGCGTAAAGAGTGGTTAAGAAAAATTTAAAACTAAAGCCGAATGCCCTCAAAGCTGTTATACGCACCCGAAGGTAAGAAGCCCAATCACGAAAGTGGCTTTACATTTCCCGAACCCACGAAAGCTATGAAA,CACCGCGGTTATACGAGAGGCTCAAGTTGATGAACCCCGGCGTAAAGAGTGGTTAAGAGAGATCAAAACTAAAGCCGAATGCTTTCAAAGCTGTTATACGCTTCCGAAAGTAAGAAGCCCAATCACGAAAGTGGCTTTACTTTACCTGACCCCACGAAAGCTACGACA,CACCGCGGTTATACGAGAGGCCCAAGTTGATGAATTACGGCGTAAAGAGTGGTTAAGCTAAAATTAAAACTAAAGCCGAACACCCCCAAAGCTGTTATACGCATCCGGAGGTGAGAAGTTCAACCACGAAGGTGGCTTTATCTAACCTGAACCCACGAAAGCTACGGCA,CACCGCGGTTATACGAGAGACCCAAGTTGACAAACACCGGCGTAAAGCGTGGTTAAGTTAAAAATCATACTAAAGCCAAACATCTTCAAGACTGTTATACGTAACCGAAGACAGGAAGTTCAACCACGAAAGTCGCTTTATCTGATCTGAATCCACGAAAGCTAAGAAA,CACCGCGGTTAGACGAGAGGCCCTAGTTGATATTACAACGGCGTAAAGGGTGGTTAAGGATAAACAAAAATAAAGTCAAATGGCCCCTTGGCCGTCATACGCTTCTAGGAGTCCGAAGCCCTAATACGAAAGTAACTTTAATAAACCCACCTGACCCCACGAAAGCTGAGAAA,CACCGCGGTTATACGAGAGGCTCAAGTTGATAAACCCCGGCGTAAAGAGTGGTTAAGAAAGACTAGAAACTAAAGCCGAATGCTTTCAAAGCTGTTATACGCTCCCGAAAGTAAGAAGATCAATCACGAAAGTGGCTTTACAATCCCCTGACCCCACGAAAGCTATGGCA,CACCGCGGTTATACGAGAGGCCCAAGTTGATAAAATACGGCGTAAAGCGTGGTTAAAAGCCCCCACTAAACTAAGACTAAACCTTTCCAAAGCTGTTATACGCACCCGGAAATATGAAACTCAACTACGAAAGTGGCCTTAATTTCCCCTTGACCCCACGAAAGCTGCGAAA,CACCGCGGTTATACGAGCGACCCAAGTTGAGAGACAACGGCGTAAAGGGTGGTTAAGGTACTAACAAACTAAAGCCGAAGGCCCTCAGGACTGTTATACGTTTCTGAAGGTAAGAAGTTCTTTTACGAAAGTAGCTTTAATATTCCTGACCCCACGAAAGCTGCGGAA,CACCGCGGTTATACGAGAGGCCCTAGTTGATAACTACCGGCGTAAAGAGTGGTTATGGAAAAATATTTAATAAAGCCGAACACCCCCTCAGCCGTCATACGCACCTGGGAGCACGAAGACCTACTGCGAAAGCAGCTTTAACTATGCCTGACCCCACGACAGCTAAGAAA,CACCGCGGTTATACGAGAGGCCCTAGTTGATAACTACCGGCGTAAAGAGTGGTTATGGAAAAATATTTAATAAAGCCGAACACCCCCTCAGCCGTCATACGCACCTGGGGGCACGAAGACCTACTGCGAAAGCAGCTTTAATTACACCTGACCCCACGACAGCTAAGAAA,CACCGCGGTTATACGAGAGGCTCAAGTTGATAAACCCCGGCGTAAAGAGTGGTTAAGGAAAAATAGAAACTAAAGCCGAATGCTTTCAAGACTGTTATACGTTCCCGAGAGTAAGAAGACCAATTACGAAAGTGGCTTTACTTTACCTGACCCCACGAAAGCTACGACA,CACCGCGGTTAGACGAGAGGCCCCAGTTGATAGTACAACGGCGTAAAGGGTGGTTAAGGAAAGCAAAACAATAAAGTCAAATGGCCCTTTGGCTGTCATACGCTTCTAGGTGTCCGAAGTCCAACTATACGAAAGTAGCTTTAGAAAAGCCCACCTGACACCACGAAAGCTGAGAAA,CACCGCGGTTAGACGAGAGGCCCTAGTTGATATTACAACGGCGTAAAGGGTGGTTAAGGATAAATAAAAATAAAGTCAAATGGCCCCTTGGCCGTCATACGCTTCTAGGCGTCCGAAGCCCTAATACGAAAGTAACTTTAATGAACCCACCTGACCCCACGAAAGCTGAGGAA,CACCGCGGTTATACGAGAGGCCCAAGTTGATGGCCAACGGCGTAAAGGGTGGTTAAGGAATAAGAAAAATAAAGTCGAACGCCCTCAGGGCCGTCATACGCTTCCGAGGGTAAGAAGCCCCACTACGAAAGTGACTTTAGACAACCTGACCCCACGAAAGCTGCGAAA,CACCGCGGTTATACGAGAGGCCCAAGTTGATAATTACCGGCGTAAAGCGTGGTTAAGATTTTTATAAAACTAAAGCCGAACCCCTTCAGAGCTGTTATACGCACCCGAAGGTAAGAAGTTCAACCACGAAAGTGGCTTTACAGCCCCGAACCCACGAAAGCTAAGATA,CACCGCGGTTAAACGAGAGGCCCCAGTTAATAATACACGGCGTAAAGGGTGGTTAAGGAAAGCATGGTAATAAAGCCGAATGGCCCTTTGGCTGTCATACGCTTCTAGGTGTCCGAAGCCCAACATACGAAAGTAACTTTAGTAAAACCCACCTGACCCCACGAAAGCTGAGAAA,CACCGCGGTTATACGAGAGGCCCAAGTTGACAAACCCCGGCGTAAAGAGTGGTTAAGGAAAATTTAAAACTAAAGCCGAATGCCCCCAAAGCTGTTATACGCACCCGAGGGTAAGAAGCCCAATCACGAAAGTGGCTTTACACTACCTGAACCCACGAAAGCTATGAAA,CACCGCGGTTATACGAGAGGCCCTAGTTGATAACTACCGGCGTAAAGAGTGGTTATGGAAAAATATTTAATAAAGCCGAACACCCCCTCAGCCGTCATACGCACCTGGGAGCACGAAGACCTACTGCGAAAGCAGCTTTAATTATGCCTGACCCCACGACAGCTAAGAAA,CACCGCGGTTATACGAGAGGCTCAAGTTGATTAACCCCGGCGTAAAGAGTGGTTAAGATGAACTATAAACTAAAGCCGAATGCCCTCAAAGCCGTTATACGCACTCGAAGGAAAGAAGCTCAATCACGAAAGTAGCTTTACATCACCTGAACCCACGAAAGCTATGAAA,CACCGCGGTTAAACGAGAGGCCCTAGTTGATATTACAACGGCGTAAAGGGTGGTTAAGGACAGCAAATCAATAAAGTCGAATGGCCCTTTGGCTGTCATACGCTTCTAGGAGTCCGAAGCCCAATATACGAAAGTAACTTTAAGAATGCCCACCTGACCCCACGAAAGCTGAGAAA,CACCGCGGTTATACGAGAGGCCCAAGCTGATAAGCCCCGGCGTAAAGAGTGGTTAAGAAGAGATGAAAACTAAAGCCGAATGCTTTCAAGACTGTTATACGTTCCCGAAAGTAAGAAGGCCAATCACGAAAGTGGCTTTATAATACCTGACCCCACGAAAGCTACGATA,CACCGCGGTTATACGAAAGGCCCTAGTTGCTAGCCACGGCGTAAAGGGTGGTTAAGGGCAATTGTAAATAAAGCTAAAGACCCCCTAAGCCGTCATACGCATTCCGGGGGCACGAAACCCTAGCACGAAAGTAGCTTTAAAAATATACCTGACCCCACGAAAGCTAAGAAA,CACCGCGGTTATACGAAAGGCCCTAGTTGCTAGCCACGGCGTAAAGGGTGGTTAAGGACAACAACAAATAAAGCTAAAGATCCCCTAAGCCGTCATACGCATTCCGGGGGCACGAAGCCCTAACACGAAAGTAGCTTTAAAAAATATACCTGACCCCACGAAAGCTAAGAAA,CACCGCGGTTATACGAGAGGCCCTAGTTGATTCACTCGGCGTAAAGAGTGGTTATGGAGAACTAAATACTAAAGCCGAAGACCCCTTAGGCCGTCATACGCACCTAGGGGTTCGAATTATATACACGAAAGTAGCTTTACCCTTTCCCACCAGAACCCACGACAGCCGGGACA,CACCGCGGTTAAACGAGAGGCCCTAGTTGATAATACAACGGCGTAAAGGGTGGTTAAGGAACGCAAATAATAAAGCCGAATGGCCCTTTGGCTGTCATACGCTTCTAGGTGTCCGAAGCCCAATATACGAAAGTAGCTTTAGAAAAGCCCACCTGACACCACGAAAGCTGAGAAA,CACCGCGGTTATACGAGAGACCCAAGTTGATAAGCCCGGCGTAAAGAGTGGTTATGGAGAATAAAATACTAAAGCTAAAGACCCCCTAGGCTGTTATACGCACCTGGCGGCTCGAACCCCCTATACGAAAGTAGCTTTACCCTCTTCCACCAGAACCCACGATAGCTGGGGCA,CACCGCGGTTAAACGAGAGGCCCCAGTTGATAATACAACGGCGTAAAGGGTGGTTAAGGAAAGCGAAACAATAAAGCCGAATGGCCCTTTGGCTGTCATACGCTTCTAGGAGTCCGAAGTCCAATATACGAAAGTAGCTTTAGAGAAGCCCACCTGACCCCACGAAAGCTGAGAAA,CACCGCGGTTATACGAAAGACCCTAGTTGCTAGCCACGGCGTAAAGGGTGGTTAAGGACAACAACAAATAAAGCTAAAGATCCCCTAAGCCGTCATACGCATTCCGGGGGCACGAAGCCCTAACACGAAAGTAGCTTTAAAAAATATACCTGACCCCACGAAAGCTAAGAAA,,,,,,,,,,,
PC_001,1674,2944,1079,3,31244,13699,133,2,0,1,11843,15,0,0,0,0,0,0,81,1876,0,0,0,0,0,0,0,79,0,0,1022,,,,,,,,,,
PC_002,2636,6644,707,9,38061,12811,957,6,0,4,11785,30,0,0,1,0,0,4,718,2304,0,0,0,0,0,0,0,0,0,0,,,,,,,,,,,
PC_003,1666,3764,754,5,35479,11022,194,0,0,0,7955,13,0,0,0,0,0,0,495,1136,0,0,0,0,0,0,0,155,0,0,,,,,,,,,,,
PC_004,5654,16730,140,215,20155,8642,0,2,0,1974,1275,29329,311,0,0,0,0,0,0,0,0,0,0,0,0,0,0,0,0,0,,,,,,,,,,,
PC_005,4556,17066,731,768,20768,9040,0,0,58,2389,3055,29774,930,0,0,0,0,0,0,0,0,0,0,0,0,0,64,0,0,0,,,,,,,,,,,
PC_006,1620,6862,0,435,6857,2332,0,0,125,855,1642,11093,0,0,0,0,0,0,0,0,0,0,0,0,0,0,0,0,0,0,,,,,,,,,,,
PC_007,3761,12292,9250,14657,122,1690,12956,8405,968,805,22,1981,1274,2085,3261,1551,951,1940,0,0,412,1,0,107,0,0,194,0,3,0,,,,,,,,,,,
PC_008,7487,9412,10888,21504,9,1739,10919,5154,836,0,0,503,322,483,2099,579,325,3049,0,0,0,0,0,2,0,0,0,0,0,0,,,,,,,,,,,
PC_009,3256,7785,3342,10752,135,1369,4302,5483,635,81,0,1394,562,923,2185,0,853,2047,0,0,255,0,0,0,0,0,0,0,0,8,,,,,,,,,,,
PC_016,25918,23266,1081,2,5,766,7,2,0,5235,4,0,1502,0,0,0,606,0,1172,0,0,0,0,0,0,0,0,0,0,0,,,,,,,,,,,
PC_017,25238,19846,1751,2,7,217,4,113,1,4336,3,0,4,0,0,0,1,1,0,0,0,0,0,0,0,0,0,0,0,0,,,,,,,,,,,
PC_018,33909,19886,7601,6,6,4,9,1,21,1845,301,0,5,0,0,0,0,0,0,0,0,0,0,0,0,0,0,0,0,0,,,,,,,,,,,
PC_023,1986,1652,12,9,30398,14503,18,4,2,11,12938,6,8,0,0,1,0,1,1,0,0,0,0,0,0,0,0,0,2,0,,,,,,,,,,,
PC_024,666,26,3,4,25409,6625,3,1,0,6,26968,0,3,0,0,0,0,0,0,0,0,0,0,0,0,0,0,0,0,0,,,,,,,,,,,
PC_031,724,959,2,3,16475,11699,0,2,2,0,14806,0,1,0,0,0,0,0,0,0,0,0,0,0,0,0,0,0,0,0,,,,,,,,,,,
PC_025,8148,23724,2,1,7699,9024,0,0,0,9070,1744,0,0,0,0,0,647,0,0,0,0,0,0,0,0,0,0,0,0,0,,,,,,,,,,,
PC_026,8138,14220,0,697,3244,2546,0,0,163,2912,787,577,815,0,0,0,0,0,0,0,0,0,0,0,0,0,0,0,0,0,,,,,,,,,,,
PC_035,2280,1083,12244,13382,0,585,23958,6716,1320,0,0,0,9372,0,0,1522,0,260,255,0,0,0,0,26,0,0,0,0,0,0,,,,,,,,,,,
PC_036,10,911,14775,14388,2,0,18682,0,585,0,1,0,3556,0,0,0,0,169,0,0,0,0,0,0,0,0,0,0,0,0,,,,,,,,,,,
PC_027,1134,599,6172,9402,1,0,12454,0,291,1,0,0,6493,0,0,0,256,0,1198,0,0,0,0,164,0,0,0,0,0,0,,,,,,,,,,,
PC_037,214,2,1434,10363,2,3,768,3187,929,1,3,0,1281,0,0,669,0,92,0,0,0,0,0,13,1,0,0,0,0,0,,,,,,,,,,,
PC_038,0,15,7531,32004,3,501,668,11446,1244,2,2,8,914,0,0,1130,0,0,0,0,0,0,205,23,63,0,0,0,0,0,,,,,,,,,,,
PC_039,1817,11,12069,37766,7,4,1,10777,1975,4,1,20,1692,0,0,1121,0,354,0,0,0,0,326,69,102,0,0,0,0,0,,,,,,,,,,,
PC_040,820,6842,15550,31951,1,489,0,15412,22931,3,0,6,2426,0,0,0,0,0,0,0,0,0,0,0,0,0,0,0,1,0,,,,,,,,,,,
PC_041,1960,11217,11702,32286,12,3,276,13044,3145,1,0,9,4468,0,0,0,0,0,0,0,0,0,0,13,0,0,0,0,1,0,,,,,,,,,,,
PC_043,2485,1585,641,0,0,0,0,0,870,0,0,0,0,0,0,0,0,0,152,0,0,0,0,0,0,0,0,0,0,0,,,,,,,,,,,
PC_044,32279,6865,30965,86,0,1,5,34,767,4379,0,0,1,0,0,1,0,0,0,0,0,0,0,0,0,0,0,0,1,0,,,,,,,,,,,
PC_045,39948,19496,13099,1256,0,640,0,1302,3831,2271,0,0,0,0,0,0,0,0,0,0,0,0,0,0,0,0,0,0,0,0,,,,,,,,,,,
PC_049,37,3323,2461,3,109,164,0,0,790,305,0,3297,0,0,0,0,1278,2,0,0,0,0,0,0,0,0,0,0,0,0,,,,,,,,,,,
PC_051,1612,14546,3,0,3450,7254,0,0,0,1,0,2848,0,0,0,0,0,0,0,0,0,0,0,0,0,0,0,0,0,0,,,,,,,,,,,
PC_052,2841,35140,3,1836,9694,10214,0,0,0,630,905,660,0,0,0,0,3,0,0,0,0,0,0,0,0,0,0,0,0,0,,,,,,,,,,,
PC_053,5001,21766,2,6,5305,4797,5,0,0,9,78,1018,0,8,0,0,4,0,0,0,0,0,0,0,0,0,17,0,16,0,,,,,,,,,,,
PC_055,59,293,14,11,7086,6480,74,7,0,3,1576,0,0,0,0,2,0,3,0,0,7,0,0,0,0,0,0,0,12,0,,,,,,,,,,,
PC_056,85,16,1015,6,9871,4526,27,4,0,0,2234,0,0,0,1,0,0,2,0,0,0,0,0,0,0,0,0,0,0,0,,,,,,,,,,,
PC_057,92,20,1123,1080,45,20,2500,1122,276,3,7,14,65,0,114,0,0,463,0,0,0,0,0,0,4,0,0,0,0,0,,,,,,,,,,,
PC_058,298,476,2732,1669,46,17,3235,1039,531,0,0,875,1,0,0,0,6,431,0,0,0,0,0,0,0,0,0,0,0,0,,,,,,,,,,,
PC_059,480,713,1361,452,26,120,2361,1082,93,0,7,8,0,0,0,0,65,788,0,0,1,0,0,0,16,0,0,0,0,0,,,,,,,,,,,
PC_061,1402,351,34,96,313,158,50,16,4,26,258,40,0,16,0,0,0,10,0,0,0,0,0,0,0,0,51,0,53,0,,,,,,,,,,,
PC_062,14320,972,10,7,4567,13,22,5,0,0,6,946,0,0,0,0,0,5,0,0,0,0,0,0,0,0,0,0,0,0,,,,,,,,,,,
PC_063,16230,4011,230,6,3368,417,27,0,77,929,169,66,0,0,0,2,454,0,0,0,0,0,0,0,0,0,0,0,6,0,,,,,,,,,,,
PC_064,7427,1623,46,145,923,622,0,0,208,601,7,0,77,0,0,0,4,0,0,0,0,0,0,0,0,0,0,0,0,0,Remove SW2U,,,,,,,,,,
PC_065,20417,4811,1110,9,4439,1712,5,0,0,296,0,4,0,0,0,0,5,0,0,0,0,0,0,0,0,0,0,0,0,0,Remove SW2U,,,,,,,,,,
PC_066,19079,5556,1041,1532,5982,1494,4,2,0,713,0,0,0,0,0,0,1081,0,0,0,0,0,0,0,0,0,0,0,0,0,Remove SW2U,,,,,,,,,,
PC_070,266,594,26022,7392,1,2309,9373,4961,21186,0,0,0,840,0,191,351,950,262,2,0,0,0,456,38,114,0,0,0,5,22,,,,,,,,,,,
PC_071,140,2930,25885,16145,0,2449,15351,10850,5864,103,0,0,1013,0,174,2854,1353,495,208,0,35,0,619,95,110,0,0,0,11,41,,,,,,,,,,,
PC_072,0,1877,23226,11314,0,7127,14204,10665,3413,0,0,0,1344,0,475,2719,1000,495,62,0,0,1,325,52,17,426,0,0,0,49,,,,,,,,,,,
PC_074,4407,10537,12738,8887,0,3588,2886,1344,10421,0,0,0,2020,7248,2043,687,0,78,23,0,0,430,0,16,0,0,0,0,1,37,,,,,,,,,,,
PC_075,7210,11259,16782,12021,0,2998,2384,3479,8297,156,0,0,2036,7204,2993,966,0,0,45,0,206,332,0,27,0,0,0,0,2,12,,,,,,,,,,,
PC_076,12195,15611,15212,16406,0,889,3740,7240,8664,111,0,1,767,10691,5181,1972,0,363,847,0,0,1818,0,89,0,0,0,0,1,9,,,,,,,,,,,
PC_078,35829,6802,5592,0,2,27,1914,0,1124,731,0,480,0,0,0,0,0,0,393,0,0,0,0,0,0,0,0,0,0,0,,,,,,,,,,,
PC_079,73078,12687,3892,0,10,0,3374,2121,5642,1494,0,623,1,0,0,0,0,0,958,0,0,0,0,0,0,0,0,0,0,1,,,,,,,,,,,
PC_080,30924,1808,7072,1,0,506,1041,0,544,2638,0,51030,0,0,0,0,0,0,1733,0,0,0,0,0,0,0,0,0,0,0,,,,,,,,,,,
PC_082,2303,8728,5,146,12018,4447,38,1,265,2914,200,8,0,0,0,2,0,0,79,0,0,0,0,0,0,0,0,0,35,0,,,,,,,,,,,
PC_083,1761,7973,256,84,16054,4793,1,0,211,4433,551,218,0,0,0,0,0,0,2,0,0,0,0,0,0,0,0,0,0,0,,,,,,,,,,,
PC_084,3135,10864,354,210,26686,7525,2,0,441,7514,595,437,0,0,0,0,0,0,0,0,0,0,0,0,0,0,0,0,4,0,,,,,,,,,,,
PC_085,1593,3376,1,0,35068,4078,2,0,0,712,186,556,0,0,217,0,0,0,0,0,0,0,0,0,0,0,0,0,2,0,,,,,,,,,,,
PC_086,898,1414,182,390,22966,4164,0,0,93,17878,1015,390,53,0,0,0,0,0,0,0,0,0,0,0,0,0,0,0,2,0,,,,,,,,,,,
PC_087,792,4287,0,136,30881,3871,1,0,335,549,534,338,0,0,0,0,0,0,0,0,0,0,0,0,0,0,0,0,2,0,,,,,,,,,,,
PC_090,2244,12636,9162,1534,2487,242,1909,1533,4938,0,0,0,799,0,0,676,0,0,0,0,0,0,0,0,2,0,0,0,14,0,,,,,,,,,,,
PC_091,3272,21624,5884,1431,4137,660,10659,893,3495,44,0,0,2388,1,1,0,0,0,0,0,0,0,0,0,0,0,0,0,22,0,,,,,,,,,,,
PC_092,5600,16187,22381,549,3365,766,715,747,1543,0,0,2,461,0,0,0,0,0,216,0,0,0,0,0,0,0,0,0,4,0,,,,,,,,,,,
,448088,468525,347159,313774,433656,194573,162209,128202,118946,77369,103456,138613,47728,28659,18936,16805,8752,11314,8640,5316,916,2582,1931,734,429,426,326,234,200,179,,,,,,,,,,,
,,,,,,,,,,,,,,,,,,,,,,,,,,,,,,,,,,,,,,,,,
,,,,,,,,,,,,,,,,,,,,,,,,,,,,,,,,,,,,,,,,,
,,,,,,,,,,,,,,,,,,,,,,,,,,,,,,,,,,,,,,,,,
,,,,,,,,,,,,,,,,,,,,,,,,,,,,,,,,,,,,,,,,,
,,,,,,,,,,,,,,,,,,,,,,,,,,,,,,,,,,,,,,,,,