sequence,ASV,Kingdom,Phylum,Class,Order,Family,Genus,Species,bootstrap_species,sequence_count,rel_abund_fish
CACCGCGGTTATACGAGAGGCCCTAGTTGATAGGCACGGCGTAAAGGGTGGTTAAGGGAGTACACAAATAAAGCCGAAGGACCCTCTGGCCGTTATACGCTTCTGGACGCCCGAAGCCCAAATACGAAAGTAGCTTTAATTTAGCCCACCTGACCCCACGAAAACTGAGAAA,ASV001,Animalia,Chordata,Actinopterygii,Cypriniformes,Catostomidae,Catostomus,Catostomus occidentalis,100,453787,0.14710
CACCGCGGTTAAACGAGAGGCCCTAGTTGATAGTACGACGGCGTAAAGGGTGGTTAAGGAAAGCAAACAATAAAGCCGAATGGCCCTTTGGCTGTCATACGCTTCTAGGTGTCCGAAGCCCAATATACGAAAGTAGCTTTAGAAAGGCCCACCTGACACCACGAAAGCTGAGAAA,ASV002,Animalia,Chordata,Actinopterygii,Cypriniformes,Cyprinidae,Ptychocheilus,Ptychocheilus grandis,98,438704,0.14221
CACCGCGGTTATACGAGAGGCCCAAGTTGACAAACCCCGGCGTAAAGAGTGGTTAAGAAAAATTTAAAACTAAAGCCGAATGCCCTCAAAGCTGTTATACGCACCCGAAGGTAAGAAGCCCAATCACGAAAGTGGCTTTACATTTCCCGAACCCACGAAAGCTATGAAA,ASV003,Animalia,Chordata,Actinopterygii,Perciformes,Centrarchidae,Micropterus,Micropterus salmoides,98,308649,0.10005
CACCGCGGTTATACGAGAGGCTCAAGTTGATGAACCCCGGCGTAAAGAGTGGTTAAGAGAGATCAAAACTAAAGCCGAATGCTTTCAAAGCTGTTATACGCTTCCGAAAGTAAGAAGCCCAATCACGAAAGTGGCTTTACTTTACCTGACCCCACGAAAGCTACGACA,ASV004,Animalia,Chordata,Actinopterygii,Perciformes,Centrarchidae,Lepomis,Lepomis macrochirus,99,277804,0.09006
CACCGCGGTTATACGAGAGGCCCAAGTTGATGAATTACGGCGTAAAGAGTGGTTAAGCTAAAATTAAAACTAAAGCCGAACACCCCCAAAGCTGTTATACGCATCCGGAGGTGAGAAGTTCAACCACGAAGGTGGCTTTATCTAACCTGAACCCACGAAAGCTACGGCA,ASV005,Animalia,Chordata,Actinopterygii,Gasterosteiformes,Gasterosteidae,Gasterosteus,Gasterosteus aculeatus,93,262597,0.08513
CACCGCGGTTATACGAGAGACCCAAGTTGACAAACACCGGCGTAAAGCGTGGTTAAGTTAAAAATCATACTAAAGCCAAACATCTTCAAGACTGTTATACGTAACCGAAGACAGGAAGTTCAACCACGAAAGTCGCTTTATCTGATCTGAATCCACGAAAGCTAAGAAA,ASV006,Animalia,Chordata,Actinopterygii,Scorpaeniformes,Cottidae,Cottus,Cottus asper,87,172556,0.05594
CACCGCGGTTATACGAGAGGCCCAAGTTGATGAATTACGGCGTAAAGAGTGGTTAAGCTAAAATTAAAACTAAAGCCGAACACCCCCAAAGCTGTTATACGCATCCGGAGGTGAGAAGTTCAACCACGAAGGTGGCTTTATCTAACCTGAACCCACGAAAGCTAAGGCA,ASV007,Animalia,Chordata,Actinopterygii,Gasterosteiformes,Gasterosteidae,Gasterosteus,Gasterosteus aculeatus,100,165377,0.05361
CACCGCGGTTAGACGAGAGGCCCTAGTTGATATTACAACGGCGTAAAGGGTGGTTAAGGATAAACAAAAATAAAGTCAAATGGCCCCTTGGCCGTCATACGCTTCTAGGAGTCCGAAGCCCTAATACGAAAGTAACTTTAATAAACCCACCTGACCCCACGAAAGCTGAGAAA,ASV008,Animalia,Chordata,Actinopterygii,Cypriniformes,Cyprinidae,Cyprinus,Cyprinus carpio,98,161073,0.05222
CACCGCGGTTATACGAGAGGCTCAAGTTGATAAACCCCGGCGTAAAGAGTGGTTAAGAAAGACTAGAAACTAAAGCCGAATGCTTTCAAAGCTGTTATACGCTCCCGAAAGTAAGAAGATCAATCACGAAAGTGGCTTTACAATCCCCTGACCCCACGAAAGCTATGGCA,ASV009,Animalia,Chordata,Actinopterygii,Perciformes,Centrarchidae,Lepomis,Lepomis microlophus,100,128165,0.04155
CACCGCGGTTATACGAGAGGCCCAAGTTGATAAAATACGGCGTAAAGCGTGGTTAAAAGCCCCCACTAAACTAAGACTAAACCTTTCCAAAGCTGTTATACGCACCCGGAAATATGAAACTCAACTACGAAAGTGGCCTTAATTTCCCCTTGACCCCACGAAAGCTGCGAAA,ASV010,Animalia,Chordata,Actinopterygii,Cyprinodontiformes,Poeciliidae,Gambusia,Gambusia affinis,100,113896,0.03692
CACCGCGGTTATACGAGAGGCCCTAGTTGATAACTACCGGCGTAAAGAGTGGTTATGGAAAAATATTTAATAAAGCCGAACACCCCCTCAGCCGTCATACGCACCTGGGAGCACGAAGACCTACTGCGAAAGCAGCTTTAACTATGCCTGACCCCACGACAGCTAAGAAA,ASV011,Animalia,Chordata,Actinopterygii,Salmoniformes,Salmonidae,Oncorhynchus,Oncorhynchus mykiss,74,102964,0.03338
CACCGCGGTTATACGAGAGGCCCTAGTTGATAACTACCGGCGTAAAGAGTGGTTATGGAAAAATATTTAATAAAGCCGAACACCCCCTCAGCCGTCATACGCACCTGGGGGCACGAAGACCTACTGCGAAAGCAGCTTTAATTACACCTGACCCCACGACAGCTAAGAAA,ASV012,Animalia,Chordata,Actinopterygii,Salmoniformes,Salmonidae,Oncorhynchus,Oncorhynchus tshawytscha,100,84592,0.02742
CACCGCGGTTATACGAGCGACCCAAGTTGAGAGACAACGGCGTAAAGGGTGGTTAAGGTACTAACAAACTAAAGCCGAAGGCCCTCAGGACTGTTATACGTTTCTGAAGGTAAGAAGTTCTTTTACGAAAGTAGCTTTAATATTCCTGACCCCACGAAAGCTGCGGAA,ASV013,Animalia,Chordata,Actinopterygii,Perciformes,Embiotocidae,Hysterocarpus,Hysterocarpus traskii,100,77810,0.02522
CACCGCGGTTATACGAGAGACCCTAGTTGATAACTACCGGCGTAAAGAGTGGTTATGGAAAAATATTTAATAAAGCCGAACACCCCCTCAGCCGTCATACGCACCTGGGGGCACGAAGACCTACTGCGAAAGCAGCTTTAATTACACCTGACCCCACGACAGCTAAGAAA,ASV014,Animalia,Chordata,Actinopterygii,Salmoniformes,Salmonidae,Oncorhynchus,Oncorhynchus tshawytscha,100,52224,0.01693
CACCGCGGTTATACGAGAGGCTCAAGTTGATAAACCCCGGCGTAAAGAGTGGTTAAGGAAAAATAGAAACTAAAGCCGAATGCTTTCAAGACTGTTATACGTTCCCGAGAGTAAGAAGACCAATTACGAAAGTGGCTTTACTTTACCTGACCCCACGAAAGCTACGACA,ASV015,Animalia,Chordata,Actinopterygii,Perciformes,Centrarchidae,Lepomis,Lepomis cyanellus,100,47844,0.01551
CACCGCGGTTAGACGAGAGGCCCCAGTTGATAGTACAACGGCGTAAAGGGTGGTTAAGGAAAGCAAAACAATAAAGTCAAATGGCCCTTTGGCTGTCATACGCTTCTAGGTGTCCGAAGTCCAACTATACGAAAGTAGCTTTAGAAAAGCCCACCTGACACCACGAAAGCTGAGAAA,ASV016,Animalia,Chordata,Actinopterygii,Cypriniformes,Cyprinidae,Orthodon,Orthodon microlepidotus,100,27130,0.00879
CACCGCGGTTATACGAGAGGCTCAAGTTGATGAACCCCGGCGTAAAGAGTGGTTAAGGGAGATCAAAACTAAAGCCGAATGCTTTCAAAGCTGTTATACGCTTCCGAAAGTAAGAAGCCCAATCACGAAAGTGGCTTTACTTTACCTGACCCCACGAAAGCTACGACA,ASV017,Animalia,Chordata,Actinopterygii,Perciformes,Centrarchidae,Lepomis,Lepomis macrochirus,100,25618,0.00830
CACCGCGGTTATACGAGAGGCCCAAGTTGACAAACACCGGCGTAAAGCGTGGTTAAGTTAAAAATCATACTAAAGCCAAACATCTTCAAGACTGTTATACGTAACCGAAGACAGGAAGTTCAACCACGAAAGTCGCTTTATCTGATCTGAATCCACGAAAGCTAAGGAA,ASV018,Animalia,Chordata,Actinopterygii,Scorpaeniformes,Cottidae,Cottus,Cottus asper,76,21419,0.00694
CACCGCGGTTATACGAGAGGCCCAAGTTGACAAACCCCGGCGTAAAGAGTGGTTAAGAAGAATTTAAGACTAAAGCCGAATGCCCTCAAAGCTGTTATACGCATCCGAAGGTAAGAAGTCCAATCACGAAAGTGGCTTTACATTTCCTGAACCCACGAAAGCTATGAAA,ASV019,Animalia,Chordata,Actinopterygii,Perciformes,Centrarchidae,Micropterus,Micropterus salmoides,59,19187,0.00622
CACCGCGGTTAGACGAGAGGCCCTAGTTGATATTACAACGGCGTAAAGGGTGGTTAAGGATAAATAAAAATAAAGTCAAATGGCCCCTTGGCCGTCATACGCTTCTAGGCGTCCGAAGCCCTAATACGAAAGTAACTTTAATGAACCCACCTGACCCCACGAAAGCTGAGGAA,ASV020,Animalia,Chordata,Actinopterygii,Cypriniformes,Cyprinidae,Carassius,Carassius auratus,99,18933,0.00614
CACCGCGGTTATACGAGAGGCCCAAGTTGATGGCCAACGGCGTAAAGGGTGGTTAAGGAATAAGAAAAATAAAGTCGAACGCCCTCAGGGCCGTCATACGCTTCCGAGGGTAAGAAGCCCCACTACGAAAGTGACTTTAGACAACCTGACCCCACGAAAGCTGCGAAA,ASV021,Animalia,Chordata,Actinopterygii,Atheriniformes,Atherinopsidae,Menidia,Menidia beryllina complex,100,16797,0.00545
CACCGCGGTTATACGAGAGGCCCAAGTTGACAAATCCCGGCGTAAAGAGTGGTTAAGAAAAATTTAAAACTAAAGCCGAATGCCCTCAAAGCTGTTATACGCACCCGAAGGTAAGAAGCCCAATCACGAAAGTGGCTTTACGTTTCCTGAGCCCACGAAAGCTATGAAA,ASV022,Animalia,Chordata,Actinopterygii,Perciformes,Centrarchidae,Micropterus,Micropterus salmoides,90,13163,0.00427
CACCGCGGTTAAACGAGAGGCCCCAGTTAATAATACACGGCGTAAAGGGTGGTTAAGGAAAGCATGGTAATAAAGCCGAATGGCCCTTTGGCTGTCATACGCTTCTAGGTGTCCGAAGCCCAACATACGAAAGTAACTTTAGTAAAACCCACCTGACCCCACGAAAGCTGAGAAA,ASV023,Animalia,Chordata,Actinopterygii,Cypriniformes,Cyprinidae,Notemigonus,Notemigonus crysoleucas,100,11301,0.00366
CACCGCGGTTATACGAGAGGCTCAAGTTGATGAACCCCGGCGTAAAGAGTGGTTAAGGAAGATCAAAACTAAAGCCGAATGCTTTCAAAGCTGTTATACGCTTCCGAAAGTAAGAAGCCCAATCACGAAAGTGGCTTTACTTTACCTGACCCCACGAAAGCTACGACA,ASV024,Animalia,Chordata,Actinopterygii,Perciformes,Centrarchidae,Lepomis,Lepomis macrochirus,98,9473,0.00307
CACCGCGGTTAAACGAGAGGCCCTAGTTGATAGTACGACGGCGTAAAGGGTGGTTAAGGAAAGCAAACAATAAAGCCGAATGGCCCTTTGGCTGTCATACGCTTCTAGGTGTCCGAAGCCCAATATACGAAAGTAGCTTTAGAAAAGCCCACCTGACACCACGAAAGCTGAGAAA,ASV025,Animalia,Chordata,Actinopterygii,Cypriniformes,Cyprinidae,Ptychocheilus,Ptychocheilus grandis,80,8911,0.00289
CACCGCGGTTATACGAGAGGCCCAAGTTGATAATTACCGGCGTAAAGCGTGGTTAAGATTTTTATAAAACTAAAGCCGAACCCCTTCAGAGCTGTTATACGCACCCGAAGGTAAGAAGTTCAACCACGAAAGTGGCTTTACAGCCCCGAACCCACGAAAGCTAAGATA,ASV026,Animalia,Chordata,Actinopterygii,Perciformes,Percidae,Percina,Percina macrolepida,100,8751,0.00284
CACCGCGGTTATACGAGAGGCCCAAGTTGACAAACCCCGGCGTAAAGAGTGGTTAAGGAAAATTTAAAACTAAAGCCGAATGCCCCCAAAGCTGTTATACGCACCCGAGGGTAAGAAGCCCAATCACGAAAGTGGCTTTACACTACCTGAACCCACGAAAGCTATGAAA,ASV027,Animalia,Chordata,Actinopterygii,Perciformes,Centrarchidae,Micropterus,Micropterus dolomieu,100,8639,0.00280
CACCGCGGTTATACGAGAGGCCCTAGTTGATAGGCACGGCGTAAAGGGTGGTTAAGGGAGTACACAAATAAAGCCGAAGGACCCTCTGGCCGTTATACGCTTCTGGACGCCCAAAGCCCAAATACGAAAGTAGCTTTAATTTAGCCCACCTGACCCCACGAAAACTGAGAAA,ASV029,Animalia,Chordata,Actinopterygii,Cypriniformes,Catostomidae,Catostomus,Catostomus occidentalis,100,6240,0.00202
CACCGCGGTTATACGAGAGGCCCAAGTTGACAAATCCCGGCGTAAAGAGTGGTTAAGAAAAATTTAAAACTAAAGCCGAATGCCCTCAAAGCTGTTATACGCACCCGAAGGTAAGAAGCCCAATCACGAAAGTGGCTTTACGTTTCCTGAACCCACGAAAGCTATGAAA,ASV030,Animalia,Chordata,Actinopterygii,Perciformes,Centrarchidae,Micropterus,Micropterus salmoides,90,6079,0.00197
CACCGCGGTTATACGAGAGGCCCTAGTTGATAACTACCGGCGTAAAGAGTGGTTATGGAAAAATATTTAATAAAGCCGAACACCCCCTCAGCCGTCATACGCACCTGGGAGCACGAAGACCTACTGCGAAAGCAGCTTTAATTATGCCTGACCCCACGACAGCTAAGAAA,ASV031,Animalia,Chordata,Actinopterygii,Salmoniformes,Salmonidae,Oncorhynchus,Oncorhynchus nerka,74,5316,0.00172
CACCGCGGTTATACGAGAGACCCTAGTTGATAGGCACGGCGTAAAGGGTGGTTAAGGGAGTACACAAATAAAGCCGAAGGACCCTCTGGCCGTTATACGCTTCTGGACGCCCGAAGCCCAAATACGAAAGTAGCTTTAATTTAGCCCACCTGACCCCACGAAAACTGAGAAA,ASV032,Animalia,Chordata,Actinopterygii,Cypriniformes,Catostomidae,Catostomus,Catostomus occidentalis,100,4882,0.00158
CACCGCGGTTATACGAGAGACCCAAGTTGATAAAATACGGCGTAAAGCGTGGTTAAAAGCCCCCACTAAACTAAGACTAAACCTTTCCAAAGCTGTTATACGCACCCGGAAATATGAAACTCAACTACGAAAGTGGCCTTAATTTCCCCTTGACCCCACGAAAGCTGCGAAA,ASV034,Animalia,Chordata,Actinopterygii,Cyprinodontiformes,Poeciliidae,Gambusia,Gambusia affinis,100,2812,0.00091
CACCGCGGTTATACGAGAGGCCCAAGTTGATGAATTACGGCGTAAAGAGTGGTTAAGCTAAAATTAAAACTAAAGCCGAACACCCCCAAAGCTGTTATACGCATCCGGAGGTGAGAAGTTCAACCACGAAGTTGGCTTTATCTAACCTGAACCCACGAAAGCTACGGCA,ASV035,Animalia,Chordata,Actinopterygii,Gasterosteiformes,Gasterosteidae,Gasterosteus,Gasterosteus aculeatus,93,2380,0.00077
CACCGCGGTTAAACGAGAGGCCCTAGTTGATATTACAACGGCGTAAAGGGTGGTTAAGGACAGCAAATCAATAAAGTCGAATGGCCCTTTGGCTGTCATACGCTTCTAGGAGTCCGAAGCCCAATATACGAAAGTAACTTTAAGAATGCCCACCTGACCCCACGAAAGCTGAGAAA,ASV036,Animalia,Chordata,Actinopterygii,Cypriniformes,Cyprinidae,Pimephales,Pimephales promelas,99,2124,0.00069
CACCGCGGTTATACGAGAGGCCCTAGTTGATAGGCACGGCGTAAAGGGTGGTTAAGGGAGTACACAAATAAAGCCGAAGGACCCTCTGGCCGTTATACGCTTCTGGACGCCCGAAGCCCAAATACGAAAGTAGCTTTAATTTAACCCACCTGACCCCACGAAAACTGAGAAA,ASV037,Animalia,Chordata,Actinopterygii,Cypriniformes,Catostomidae,Catostomus,Catostomus occidentalis,100,2110,0.00068
CACCGCGGTTATACGAGAGGCCCAAGCTGATAAGCCCCGGCGTAAAGAGTGGTTAAGAAGAGATGAAAACTAAAGCCGAATGCTTTCAAGACTGTTATACGTTCCCGAAAGTAAGAAGGCCAATCACGAAAGTGGCTTTATAATACCTGACCCCACGAAAGCTACGATA,ASV038,Animalia,Chordata,Actinopterygii,Perciformes,Centrarchidae,Lepomis,Lepomis gulosus,93,1930,0.00063
CACCGCGGTTATACCAGAGGCCCAAGTTGATAAAATACGGCGTAAAGCGTGGTTAAAAGCCCCCACTAAACTAAGACTAAACCTTTCCAAAGCTGTTATACGCACCCGGAAATATGAAACTCAACTACGAAAGTGGCCTTAATTTCCCCTTGACCCCACGAAAGCTGCGAAA,ASV039,Animalia,Chordata,Actinopterygii,Cyprinodontiformes,Poeciliidae,Gambusia,Gambusia affinis,100,1710,0.00055
CACCGCGGTTATACGAGAGGCCCAAGTTGATGAATTACGGCGTAAAGAGTGGTTAAGCTAAAATTAAAACTAAAGCCGAACACCCCCAAAGCTGTTATACGCATCCGGAGGTGAGAAGTTCAACCACGAAGTTGGCTTTATCTAACCTGAACCCACGAAAGCTAAGGCA,ASV040,Animalia,Chordata,Actinopterygii,Gasterosteiformes,Gasterosteidae,Gasterosteus,Gasterosteus aculeatus,95,1695,0.00055
CACCGCGGTTATACGAGAGGCCCTAGTTGATAACTACCGGCGTAAAGAGTGGTTATGGAAAAATATTTAATAAAGCCGAACACCCCCTCAGCCGTCATACGCACCTAGGGGCACGAAGACCTACTGCGAAAGCAGCTTTAATTACACCTGACCCCACGACAGCTAAGAAA,ASV042,Animalia,Chordata,Actinopterygii,Salmoniformes,Salmonidae,Oncorhynchus,Oncorhynchus tshawytscha,100,1177,0.00038
CACCGCGGTTAGACGAGAGGCCCCAGTTGATAGTACAACGGCGTAAAGGGTGGTTAGGGAAAGCAAAACAATAAAGTCAAATGGCCCTTTGGCTGTCATACGCTTCTAGGTGTCCGAAGTCCAACTATACGAAAGTAGCTTTAGAAAAGCCCACCTGACACCACGAAAGCTGAGAAA,ASV043,Animalia,Chordata,Actinopterygii,Cypriniformes,Cyprinidae,Orthodon,Orthodon microlepidotus,100,1045,0.00034
CACCGCGGTTATACGAAAGGCCCTAGTTGCTAGCCACGGCGTAAAGGGTGGTTAAGGGCAATTGTAAATAAAGCTAAAGACCCCCTAAGCCGTCATACGCATTCCGGGGGCACGAAACCCTAGCACGAAAGTAGCTTTAAAAATATACCTGACCCCACGAAAGCTAAGAAA,ASV044,Animalia,Chordata,Actinopterygii,Siluriformes,Ictaluridae,Ameiurus,Ameiurus catus,100,734,0.00024
CACCGCGGTTATACGAGAGGCTCAAGTTGATTAACCCCGGCGTAAAGAGTGGTTAAGATGAACTATAAACTAAAGCCGAATGCCCTCAAAGCCGTTATACGCACTCGAAGGAAAGAAGCTCAATCACGAAAGTAGCTTTACATCACCTGAACCCACGAAAGCTATGAAA,ASV046,Animalia,Chordata,Actinopterygii,Perciformes,Centrarchidae,Pomoxis,Pomoxis nigromaculatus,100,548,0.00018
CACCGCGGTTAAACGAGAGGCCCTAGTTGATATTACAACGGCGTAAAGGGTGGTTAAGGACAGCAAATCAATAAAGTCGAATGGCCCTTTGGCTGTCATACGCTTCTAGGAGTCCGAAGCCCAATATACGAAAGTAACTTTAAGAATGCCCACCTGACCCCACGAAAGCTGAGAAG,ASV049,Animalia,Chordata,Actinopterygii,Cypriniformes,Cyprinidae,Pimephales,Pimephales promelas,99,456,0.00015
CAACGCGGTTAAACGAGAGGCCCTAGTTGATAGTACGACGGCGTAAAGGGTGGTTAAGGAAAGCAAACAATAAAGCCGAATGGCCCTTTGGCTGTCATACGCTTCTAGGTGTCCGAAGCCCAATATACGAAAGTAGCTTTAGAAAGGCCCACCTGACACCACGAAAGCTGAGAAA,ASV050,Animalia,Chordata,Actinopterygii,Cypriniformes,Cyprinidae,Ptychocheilus,Ptychocheilus grandis,98,452,0.00015
CACCGCGGTTATACGAGAGGCCCTAGTTGATAACTACCGGCGTAAAGAGTGGTTATGGAAAAATATTTAATAAAGCCGAACACCCCCTCAGCCGTCATACGCACCTGGGAGCACGAAGACCTACTGCGAAAGAAGCTTTAACTATGCCTGACCCCACGACAGCTAAGAAA,ASV053,Animalia,Chordata,Actinopterygii,Salmoniformes,Salmonidae,Oncorhynchus,Oncorhynchus mykiss,77,442,0.00014
CACCGCGGTTATACGAGAGGCCCTAGTTGATAGGCACGGCGTAAAGGGTGGTTAAGGGAGTACACAAATAAAGCCGAAGGACCCTCTGGCCGTTATACGCTTCTGGACGCCCGAAGCCCAAATACGAAAGTAGCTTTAATTTAGCACACCTGACCCCACGAAAACTGAGAAA,ASV054,Animalia,Chordata,Actinopterygii,Cypriniformes,Catostomidae,Catostomus,Catostomus occidentalis,100,434,0.00014
CACCGCGGTTATACGAAAGGCCCTAGTTGCTAGCCACGGCGTAAAGGGTGGTTAAGGACAACAACAAATAAAGCTAAAGATCCCCTAAGCCGTCATACGCATTCCGGGGGCACGAAGCCCTAACACGAAAGTAGCTTTAAAAAATATACCTGACCCCACGAAAGCTAAGAAA,ASV055,Animalia,Chordata,Actinopterygii,Siluriformes,Ictaluridae,Ameiurus,Ameiurus melas/nebulosus,100,428,0.00014
CACCGCGGTTATACGAGAGGCCCTAGTTGATAGGCACGGCGTAAAGGGTGGTTAATGGAGTACACAAATAAAGCCGAAGGACCCTCTGGCCGTTATACGCTTCTGGACGCCCGAAGCCCAAATACGAAAGTAGCTTTAATTTAGCCCACCTGACCCCACGAAAACTGAGAAA,ASV057,Animalia,Chordata,Actinopterygii,Cypriniformes,Catostomidae,Catostomus,Catostomus occidentalis,100,411,0.00013
CACCGCGGTTATACGAGAGGCCCTAGTTGATAGGCACGGCGTAAAGGGTGGTTAAGGGAGTACACAAATAAAGCCGAAGGACCCTCCGGCCGTTATACGCTTCTGGACGCCCGAAGCCCAAATACGAAAGTAGCTTTAATTTAGCCCACCTGACCCCACGAAAACTGAGAAA,ASV060,Animalia,Chordata,Actinopterygii,Cypriniformes,Catostomidae,Catostomus,Catostomus occidentalis,100,379,0.00012
CACCGCGGTTATACGAGAGGCTCAAGTTGACTAACCCCGGCGTAAAGAGTGGTTAAGATGAACTATAAACTAAAGCCGAATGCCCTCAAAGCTGTTATACGCACCCGAAGGTAAGAAGCTCAATCACGAAAGTGGCTTTACATCACCTGAACCCACGAAAGCTATGAAA,ASV061,Animalia,Chordata,Actinopterygii,Perciformes,Centrarchidae,Pomoxis,Pomoxis nigromaculatus,69,367,0.00012
CACCGCGGTTATACGAGAGGCCCTAGTTGATAGGCACGGCGTAAAGGGTTGTTAAGGGAGTACACAAATAAAGCCGAAGGACCCTCTGGCCGTTATACGCTTCTGGACGCCCGAAGCCCAAATACGAAAGTAGCTTTAATTTAGCCCACCTGACCCCACGAAAACTGAGAAA,ASV069,Animalia,Chordata,Actinopterygii,Cypriniformes,Catostomidae,Catostomus,Catostomus occidentalis,100,277,0.00009
CACCGCGGTTATACGAGAGGCCCTAGTTGATAGGCACGGCGTAAAGGGTGGTTAAGGGAGTACACAAATAAAGCCGAAGGACCCTCTGGCCGTTATACGCTTCTGGACGCCCGAAGCCCAAATACGAAAGTAGCTTTAATTTAGCCCACCTGACCCCACGAAAACTTAGAAA,ASV072,Animalia,Chordata,Actinopterygii,Cypriniformes,Catostomidae,Catostomus,Catostomus occidentalis,100,265,0.00009
CACCGCGGTTATACGAGAGACCCAAGTTGATAAGCCCGGCGTAAAGAGTGGTTATGGAGAATAAAATACTAAAGCTAAAGACCCCCTAGGCTGTTATACGCACCTGGCGGCTCGAACCCCCTATACGAAAGTAGCTTTACCCTCTTCCACCAGAACCCACGATAGCTGGGGCA,ASV077,Animalia,Chordata,Actinopterygii,Clupeiformes,Clupeidae,Dorosoma,Dorosoma petenense,100,234,0.00008
CACCGCGGTTATACGAGAGGCCCAAGTTGATGAATTACGGCGTAAAGAGTGGTTAAGCTAAAATTAAAACTAAAGCCGAACACCCCCAAAGCTTTTATACGCATCCGGAGGTGAGAAGTTCAACCACGAAGGTGGCTTTATCTAACCTGAACCCACGAAAGCTACGGCA,ASV078,Animalia,Chordata,Actinopterygii,Gasterosteiformes,Gasterosteidae,Gasterosteus,Gasterosteus aculeatus,88,229,0.00007
CACCGCGGTTATACGAGAGGCCCAAGTTGATGAATTACGGCGTAAAGAGTGGTTAAGCTAAAATTAAAACTAAAGCCGAACACCCCCAAAGCTGTTATACGCATCCTGAGGTGAGAAGTTCAACCACGAAGGTGGCTTTATCTAACCTGAACCCACGAAAGCTAAGGCA,ASV079,Animalia,Chordata,Actinopterygii,Gasterosteiformes,Gasterosteidae,Gasterosteus,Gasterosteus aculeatus,100,225,0.00007
CACCGCGGTTAAACGAGAGGCCCTAGTTGATAGTACGACGGCGTAAAGGGTTGTTAAGGAAAGCAAACAATAAAGCCGAATGGCCCTTTGGCTGTCATACGCTTCTAGGTGTCCGAAGCCCAATATACGAAAGTAGCTTTAGAAAGGCCCACCTGACACCACGAAAGCTGAGAAA,ASV081,Animalia,Chordata,Actinopterygii,Cypriniformes,Cyprinidae,Ptychocheilus,Ptychocheilus grandis,98,214,0.00007
CACCGCGGTTATACGAGAGGCCCTAGTTGATAGGCACGGCGTAAAGGGTGGTTAAGGGAGTACACAAATAAAGCCTAAGGACCCTCTGGCCGTTATACGCTTCTGGACGCCCGAAGCCCAAATACGAAAGTAGCTTTAATTTAGCCCACCTGACCCCACGAAAACTGAGAAA,ASV082,Animalia,Chordata,Actinopterygii,Cypriniformes,Catostomidae,Catostomus,Catostomus occidentalis,100,211,0.00007
CACCGCGGTTATACGAGAGGCCCTAGTTGATAGGCACGTCGTAAAGGGTGGTTAAGGGAGTACACAAATAAAGCCGAAGGACCCTCTGGCCGTTATACGCTTCTGGACGCCCGAAGCCCAAATACGAAAGTAGCTTTAATTTAGCCCACCTGACCCCACGAAAACTGAGAAA,ASV088,Animalia,Chordata,Actinopterygii,Cypriniformes,Catostomidae,Catostomus,Catostomus occidentalis,100,190,0.00006
CACCGCGGTTATACGAGAGGCCCAAGTTGATGAATTACGGCGTAAAGAGTGGTTAAGCTAAAATTAAAACTAAAGCCGAACACCCCCAAAGCTGTTATACGCATCCGGAGGTGAGAAGTTCAACCACGAAGGTGGCTTTATCTAACCTGAACACACGAAAGCTACGGCA,ASV089,Animalia,Chordata,Actinopterygii,Gasterosteiformes,Gasterosteidae,Gasterosteus,Gasterosteus aculeatus,91,183,0.00006
CACCGCGGTTATACGAAAGACCCTAGTTGCTAGCCACGGCGTAAAGGGTGGTTAAGGACAACAACAAATAAAGCTAAAGATCCCCTAAGCCGTCATACGCATTCCGGGGGCACGAAGCCCTAACACGAAAGTAGCTTTAAAAAATATACCTGACCCCACGAAAGCTAAGAAA,ASV090,Animalia,Chordata,Actinopterygii,Siluriformes,Ictaluridae,Ameiurus,Ameiurus melas/nebulosus,99,178,0.00006
AGCAGCGGTAATACGAGAGGCCCAAGTTGATGAATTACGGCGTAAAGAGTGGTTAAGCTAAAATTAAAACTAAAGCCGAACACCCCCAAAGCTGTTATACGCATCCGGAGGTGAGAAGTTCAACCACGAAGGTGGCTTTATCTAACCTGAACCCACGAAAGCTAAGGCA,ASV092,Animalia,Chordata,Actinopterygii,Gasterosteiformes,Gasterosteidae,Gasterosteus,Gasterosteus aculeatus,97,177,0.00006
CACCGCGGTTATACGAGAGGCCCTAGTTGATAGGCACGGCGTAAAGGGTGGTTAAGGGAGTACACAAATAAAGCCGAAGGACCCTCTGGCCGTTATACGCTTCTGGACGCCCGAAGCCCAAATACGAAAGTAGCTTTAATTTATCCCACCTGACCCCACGAAAACTGAGAAA,ASV093,Animalia,Chordata,Actinopterygii,Cypriniformes,Catostomidae,Catostomus,Catostomus occidentalis,100,177,0.00006
AGCAGCGGTAATACGAGAGGCCCTAGTTGATAGGCACGGCGTAAAGGGTGGTTAAGGGAGTACACAAATAAAGCCGAAGGACCCTCTGGCCGTTATACGCTTCTGGACGCCCGAAGCCCAAATACGAAAGTAGCTTTAATTTAGCCCACCTGACCCCACGAAAACTGAGAAA,ASV107,Animalia,Chordata,Actinopterygii,Cypriniformes,Catostomidae,Catostomus,Catostomus occidentalis,100,127,0.00004
CACCGCGGTTATACGAGAGGCCCAAGTTGATAAAATACGGCGTAAAGCGTGGTTAAAAGCCCCCACTAAACTAAGACTAAACCTTTCCAAAGCTGTTATACGCACCCGGAAATATGAAACTCAACTACGAAAATGGCCTTAATTTCCCCTTGACCCCACGAAAGCTGCGAAA,ASV108,Animalia,Chordata,Actinopterygii,Cyprinodontiformes,Poeciliidae,Gambusia,Gambusia affinis,100,130,0.00004
AGCAGCGGTAATACGAGAGGCCCAAGTTGATGAATTACGGCGTAAAGAGTGGTTAAGCTAAAATTAAAACTAAAGCCGAACACCCCCAAAGCTGTTATACGCATCCGGAGGTGAGAAGTTCAACCACGAAGGTGGCTTTATCTAACCTGAACCCACGAAAGCTACGGCA,ASV110,Animalia,Chordata,Actinopterygii,Gasterosteiformes,Gasterosteidae,Gasterosteus,Gasterosteus aculeatus,94,125,0.00004
AGCAGCGGTTATACGAGAGGCCCAAGTTGATGAATTACGGCGTAAAGAGTGGTTAAGCTAAAATTAAAACTAAAGCCGAACACCCCCAAAGCTGTTATACGCATCCGGAGGTGAGAAGTTCAACCACGAAGGTGGCTTTATCTAACCTGAACCCACGAAAGCTACGGCA,ASV116,Animalia,Chordata,Actinopterygii,Gasterosteiformes,Gasterosteidae,Gasterosteus,Gasterosteus aculeatus,92,115,0.00004
CACCGCGGTTATACGAGAGGCCCTAGTTGATAGGCATGGCGTAAAGGGTGGTTAAGGGAGTACACAAATAAAGCCGAAGGACCCTCTGGCCGTTATACGCTTCTGGACGCCCAAAGCCCAAATACGAAAGTAGCTTTAATTTAGCCCACCTGACCCCACGAAAACTGAGAAA,ASV118,Animalia,Chordata,Actinopterygii,Cypriniformes,Catostomidae,Catostomus,Catostomus occidentalis,100,116,0.00004
AGCAGCGGTTATACGAGAGGCCCTAGTTGATAGGCACGGCGTAAAGGGTGGTTAAGGGAGTACACAAATAAAGCCGAAGGACCCTCTGGCCGTTATACGCTTCTGGACGCCCGAAGCCCAAATACGAAAGTAGCTTTAATTTAGCCCACCTGACCCCACGAAAACTGAGAAA,ASV119,Animalia,Chordata,Actinopterygii,Cypriniformes,Catostomidae,Catostomus,Catostomus occidentalis,100,113,0.00004
